user_id,user_name_hashed,email_hashed,signup_date,country,acquisition_channel,age
USR_1000,340353b22ffffceb,213bfa35e27ef6f7,2024-01-01 00:00:00.000000,NL,Organic,45
USR_1001,e193a986eeaf1e8d,54bc5896bfcabbc7,2024-01-01 17:32:15.135135,TR,Paid Search,24
USR_1002,d55653de3e1b6fff,98d28db99c10a605,2024-01-02 11:04:30.270270,CH,Referral,52
USR_1003,0863373776cf83ee,e565ac552fb129a0,2024-01-03 04:36:45.405405,CH,Social Media,45
USR_1004,21f9dc444a052dac,da9b96cb408a4d16,2024-01-03 22:09:00.540540,DE,Referral,31
USR_1005,75aaa3993a0f7601,1bf5b6742b782130,2024-01-04 15:41:15.675675,DE,Social Media,27
USR_1006,ff4b47deecacc98b,03ca47db51a07dbf,2024-01-05 09:13:30.810810,DE,Social Media,33
USR_1007,7d28c148d3b89ff4,8199fe33f9a96514,2024-01-06 02:45:45.945945,UK,Referral,33
USR_1008,2f932f79e9a5e673,03194697ff7b55b8,2024-01-06 20:18:01.081081,CH,Organic,48
USR_1009,dc9963c10a84b4bc,3543b016783a36b6,2024-01-07 13:50:16.216216,CH,Paid Search,59
USR_1010,992161ab8533d605,5e7946a1a43fb1fb,2024-01-08 07:22:31.351351,DE,Organic,42
USR_1011,b679e71e72c67aa2,322f6d156d7a6b29,2024-01-09 00:54:46.486486,TR,Email,30
USR_1012,0b0d3454ef3bd7e3,29c98693861d0bd7,2024-01-09 18:27:01.621621,UK,Email,23
USR_1013,8d8606a062c1f815,d13b4dc0da9b714d,2024-01-10 11:59:16.756756,DE,Organic,61
USR_1014,a50f7e82209221c0,23e721cd1cc899c0,2024-01-11 05:31:31.891891,DE,Social Media,26
USR_1015,ea4d28a75cfb2656,1543e1dfc7c8d045,2024-01-11 23:03:47.027027,DE,Email,62
USR_1016,d8aa732ff00541a2,7a81d150811c6106,2024-01-12 16:36:02.162162,NL,Organic,53
USR_1017,1deb1cdee51ce4bf,f5a33665c4c7c420,2024-01-13 10:08:17.297297,NL,Social Media,60
USR_1018,50f0facb8c62a5d9,a966a9a4d3191ce5,2024-01-14 03:40:32.432432,NL,Email,37
USR_1019,ec2ba384c65b5551,e5c4ea23beceee91,2024-01-14 21:12:47.567567,DE,Organic,35
USR_1020,0cada378287f5523,9896565f67bdd374,2024-01-15 14:45:02.702702,CH,Social Media,60
USR_1021,13cfd283ed75e503,d5545be7a0425965,2024-01-16 08:17:17.837837,DE,Organic,38
USR_1022,0f12c6d6ad48c4ff,a8fe03a53c10eb6d,2024-01-17 01:49:32.972972,DE,Email,21
USR_1023,d8eacbde450df1c1,b9c200e17f429af8,2024-01-17 19:21:48.108108,NL,Email,50
USR_1024,db4d5050198b027c,776495697db4b5ae,2024-01-18 12:54:03.243243,NL,Email,44
USR_1025,9f2a17970f0018ce,c259c0f597fad436,2024-01-19 06:26:18.378378,UK,Paid Search,24
USR_1026,08c718073ad1402c,056a650cf99536f2,2024-01-19 23:58:33.513513,DE,Referral,23
USR_1027,052486da722af906,8d3be36478cd27a8,2024-01-20 17:30:48.648648,NL,Referral,32
USR_1028,bccd6c7f05b780ae,0a076caf2fa21684,2024-01-21 11:03:03.783783,CH,Paid Search,35
USR_1029,d28aa62f4092e1ba,a5995d266e6406fc,2024-01-22 04:35:18.918918,DE,Referral,49
USR_1030,5a297d2202a4f38b,eadb0731e2e2aaf5,2024-01-22 22:07:34.054054,CH,Organic,28
USR_1031,5a2437ab17fc67ff,9b3a5dca4a5c16e3,2024-01-23 15:39:49.189189,DE,Social Media,37
USR_1032,579f0b436520029c,49449ddf55bff77c,2024-01-24 09:12:04.324324,DE,Organic,41
USR_1033,dc3b16f9031d7493,71b2c8c1a2876147,2024-01-25 02:44:19.459459,TR,Organic,32
USR_1034,5948671556509fe8,ea04d5a975beeb9b,2024-01-25 20:16:34.594594,TR,Organic,24
USR_1035,294f57930a9fb9e0,1acf3d3c552a787c,2024-01-26 13:48:49.729729,UK,Social Media,38
USR_1036,e53165bad5ecea34,776ef4a7d355fb51,2024-01-27 07:21:04.864864,NL,Paid Search,59
USR_1037,3af9ff9850eaf4dc,699ecf5f46125709,2024-01-28 00:53:20.000000,DE,Social Media,43
USR_1038,4e89c60e03d58b01,9535d3441e44310f,2024-01-28 18:25:35.135135,CH,Organic,61
USR_1039,0365f4085630dbd4,14a72826c4a58842,2024-01-29 11:57:50.270270,NL,Paid Search,31
USR_1040,d32468e0b1f2cba6,031791b0d9dd28bc,2024-01-30 05:30:05.405405,DE,Paid Search,54
USR_1041,d2848ec90c6a0b25,9fad43adc94b87a8,2024-01-30 23:02:20.540540,NL,Referral,38
USR_1042,bd393ca7ad5155db,43ded1a27c1d4801,2024-01-31 16:34:35.675675,DE,Paid Search,35
USR_1043,f249206ad9e4cb53,4489e6b35ef5dab0,2024-02-01 10:06:50.810810,TR,Social Media,22
USR_1044,4f98baadb1cbe71d,9b6564070700660f,2024-02-02 03:39:05.945945,DE,Referral,20
USR_1045,84a266ed089142d7,2ea5de199c26cfad,2024-02-02 21:11:21.081081,CH,Social Media,40
USR_1046,d04755d6450ac9de,ac7cb95fa056f233,2024-02-03 14:43:36.216216,NL,Organic,43
USR_1047,c81f2f51d76eb2fd,742210c073565953,2024-02-04 08:15:51.351351,NL,Organic,54
USR_1048,d9cd984f7d21a5ab,a96a685d9f49682b,2024-02-05 01:48:06.486486,NL,Referral,41
USR_1049,1fbf0a922aa442c7,ad7718adbeeba5e0,2024-02-05 19:20:21.621621,DE,Organic,36
USR_1050,296b6700ef93e769,d2895b53e094f131,2024-02-06 12:52:36.756756,TR,Referral,42
USR_1051,50f51573d925372b,e959721f61a84e81,2024-02-07 06:24:51.891891,UK,Paid Search,38
USR_1052,6f24f04e496397a2,a340b1ee0c8cdffe,2024-02-07 23:57:07.027027,TR,Email,29
USR_1053,3093b5c70f691da5,e0a3d6de4cd86220,2024-02-08 17:29:22.162162,UK,Referral,58
USR_1054,12c072c0bed30252,b694fdfff5fc4b11,2024-02-09 11:01:37.297297,CH,Email,50
USR_1055,b2b14fd954888a32,69a282a36841d910,2024-02-10 04:33:52.432432,TR,Paid Search,21
USR_1056,104df9253781a71b,5a44deb0b99dfe02,2024-02-10 22:06:07.567567,DE,Referral,59
USR_1057,bf2129e5ed0c208b,2425edbe76422c24,2024-02-11 15:38:22.702702,DE,Paid Search,24
USR_1058,9f45f30a51381205,9f9ed672285ebf70,2024-02-12 09:10:37.837837,DE,Paid Search,39
USR_1059,c6d1e9de4a223068,2c3eceb686338a9d,2024-02-13 02:42:52.972972,NL,Social Media,50
USR_1060,25a5d32b9f123ef1,1eb2345065b0053e,2024-02-13 20:15:08.108108,NL,Referral,34
USR_1061,fef0ccd9346da2e5,b7fecc2aa0431931,2024-02-14 13:47:23.243243,DE,Email,41
USR_1062,b1ef903b40fe1a70,1735228b71c14999,2024-02-15 07:19:38.378378,UK,Referral,51
USR_1063,273016b51a47706e,c1097ff1de5b9efa,2024-02-16 00:51:53.513513,NL,Paid Search,45
USR_1064,bfb6d767c1f9344f,e2a7f5b598344efb,2024-02-16 18:24:08.648648,DE,Paid Search,60
USR_1065,b7caf8a8d5f50ef6,7e4dedb2ba549cc4,2024-02-17 11:56:23.783783,NL,Social Media,58
USR_1066,85161bf764384141,775c5b52bbdabe3a,2024-02-18 05:28:38.918918,DE,Organic,56
USR_1067,ace8bdfac1f0dfef,a3df6acc8425bf49,2024-02-18 23:00:54.054054,UK,Organic,39
USR_1068,3b4f6e051271adda,c9e935be1ac39ae9,2024-02-19 16:33:09.189189,DE,Paid Search,34
USR_1069,f955c48ad346667f,67007d6d9cf7efce,2024-02-20 10:05:24.324324,TR,Organic,51
USR_1070,447474942421654d,381257c326ee5888,2024-02-21 03:37:39.459459,UK,Organic,23
USR_1071,49d6106c12affbed,8f0ce22532384dd6,2024-02-21 21:09:54.594594,DE,Organic,63
USR_1072,afe458df0171877c,e73834591eeb8c04,2024-02-22 14:42:09.729729,DE,Organic,23
USR_1073,b9b0069d47dee95b,edc11c3162f84c4d,2024-02-23 08:14:24.864864,UK,Organic,51
USR_1074,7674e1589c167358,2b40a2f7ac973ff4,2024-02-24 01:46:40.000000,CH,Email,18
USR_1075,ba0f85de46068a4f,c0798b6e70889193,2024-02-24 19:18:55.135135,CH,Paid Search,27
USR_1076,2e746ee44497ebfd,b13697b1d5f1a07f,2024-02-25 12:51:10.270270,UK,Paid Search,38
USR_1077,ea7f7b1440ccaee2,b1053da50e232738,2024-02-26 06:23:25.405405,DE,Social Media,22
USR_1078,91e4d5385b5d22b5,63139cde063fa2a9,2024-02-26 23:55:40.540540,NL,Organic,19
USR_1079,4f4fa897118317ea,eb23eab9e1e68305,2024-02-27 17:27:55.675675,DE,Email,39
USR_1080,8f2391dc2b9b97bc,28846b9d72562570,2024-02-28 11:00:10.810810,UK,Referral,19
USR_1081,416dd45fb1b70ee8,e38be16f158ea391,2024-02-29 04:32:25.945945,CH,Organic,27
USR_1082,9de58c1bad3990e3,a467187a0eeaef91,2024-02-29 22:04:41.081081,NL,Paid Search,51
USR_1083,a5020c5d21ba242c,a33ef17a08ae3b64,2024-03-01 15:36:56.216216,DE,Referral,33
USR_1084,794dc8e08874f203,c1d6aa7747819d22,2024-03-02 09:09:11.351351,NL,Email,56
USR_1085,fe422455f600805e,f8be71bae6405f49,2024-03-03 02:41:26.486486,NL,Paid Search,39
USR_1086,d173d770e3d01d79,438559077b23ee0d,2024-03-03 20:13:41.621621,CH,Social Media,29
USR_1087,4e25eb2a07878a24,86ba0368c09fba61,2024-03-04 13:45:56.756756,CH,Organic,41
USR_1088,66e00d53e3b5b28a,0026b2c42ed388de,2024-03-05 07:18:11.891891,UK,Email,64
USR_1089,c8b05dad14fa457e,32baf854bba34430,2024-03-06 00:50:27.027027,NL,Organic,57
USR_1090,2a6d9418f6415391,901449cd9ffe256f,2024-03-06 18:22:42.162162,DE,Email,55
USR_1091,da263b6d187aaeaa,a9cd0af19f29ac9d,2024-03-07 11:54:57.297297,CH,Social Media,27
USR_1092,6bd491a3ee58d7fc,270174e8a80dc72a,2024-03-08 05:27:12.432432,UK,Social Media,52
USR_1093,c514017016bd9256,d2be02b967f810a8,2024-03-08 22:59:27.567567,CH,Paid Search,49
USR_1094,d9b18269bc7816c2,a5aac86c08b89e47,2024-03-09 16:31:42.702702,UK,Organic,24
USR_1095,c09fe5e16f3cdf14,058653f1cf5906f1,2024-03-10 10:03:57.837837,NL,Organic,38
USR_1096,4d542c7fd6e03ae2,c51c23ad3b2ee499,2024-03-11 03:36:12.972972,NL,Organic,37
USR_1097,196ed9d6405de687,a986d6dcb8ac2007,2024-03-11 21:08:28.108108,NL,Organic,43
USR_1098,6bd68d9e7eb36b50,2d86a7f327118c0a,2024-03-12 14:40:43.243243,DE,Referral,21
USR_1099,8e9438512b509179,7fc169aa6aef56c5,2024-03-13 08:12:58.378378,DE,Paid Search,63
USR_1100,d73d0af60562bfaa,f893e6c804cfd8b5,2024-03-14 01:45:13.513513,DE,Organic,39
USR_1101,de7ee11ffec6049e,51c9ad47c77b1e3c,2024-03-14 19:17:28.648648,CH,Email,32
USR_1102,3d4c9e6a950efc4f,1d8a53ad748a6c4d,2024-03-15 12:49:43.783783,NL,Referral,57
USR_1103,b22425a14a565451,925bda3357b587e2,2024-03-16 06:21:58.918918,NL,Email,38
USR_1104,6617b076189dfe70,61b29f5259e5cb0c,2024-03-16 23:54:14.054054,TR,Email,32
USR_1105,8f8ac31c31ffdb8b,9f8f5fac85da8d80,2024-03-17 17:26:29.189189,DE,Organic,39
USR_1106,af43cf558c347d66,1b480f078e634759,2024-03-18 10:58:44.324324,NL,Paid Search,45
USR_1107,ade09efafe5cd90e,e8464c2ce8c8168f,2024-03-19 04:30:59.459459,UK,Referral,31
USR_1108,343972c54b01c10f,0a8b90827915d78d,2024-03-19 22:03:14.594594,DE,Social Media,44
USR_1109,f6776d5a74b1694a,3ab638fbcc5d3e24,2024-03-20 15:35:29.729729,DE,Organic,58
USR_1110,4b722a7b8be83029,ccf21f97e69da379,2024-03-21 09:07:44.864864,DE,Referral,57
USR_1111,6ca27c271bbf0db3,8ab91ab46bab37a1,2024-03-22 02:40:00.000000,DE,Organic,45
USR_1112,deefd2c33b9422c3,ee97597535fa82bb,2024-03-22 20:12:15.135135,TR,Organic,43
USR_1113,9fc017288a942062,a42f25442e57d532,2024-03-23 13:44:30.270270,UK,Paid Search,19
USR_1114,0112b7b6b48787b1,1ba61d660d418b53,2024-03-24 07:16:45.405405,CH,Social Media,42
USR_1115,5a1429c0ee831c7b,584368d938d6efa9,2024-03-25 00:49:00.540540,UK,Social Media,20
USR_1116,d7b9fd8819874641,571915ed666e41d5,2024-03-25 18:21:15.675675,UK,Organic,25
USR_1117,56c91713bb787b51,7ce3abcdbba1f62b,2024-03-26 11:53:30.810810,DE,Referral,61
USR_1118,8a50886f7341dbc3,e68f557a9679ce39,2024-03-27 05:25:45.945945,UK,Organic,50
USR_1119,e13c184dc986a05f,d2eee8350ba7d22b,2024-03-27 22:58:01.081081,NL,Organic,59
USR_1120,fc3224fdf7ef085a,70a5dde068ab7331,2024-03-28 16:30:16.216216,UK,Referral,52
USR_1121,71728eb3a2970521,33ffd4ef61e8dd55,2024-03-29 10:02:31.351351,UK,Email,23
USR_1122,d4379c5aaf520306,2c7a8f10369f33c9,2024-03-30 03:34:46.486486,NL,Referral,56
USR_1123,cddcc3ce5c01529f,16599d6a4c187f13,2024-03-30 21:07:01.621621,DE,Referral,40
USR_1124,960445972e966462,4240c8c9d5f434a0,2024-03-31 14:39:16.756756,DE,Social Media,42
USR_1125,d68ad4f5c6a7f5ff,4232c0ab03d39e1f,2024-04-01 08:11:31.891891,NL,Social Media,60
USR_1126,9ce4fb35d78985b5,b8ef57bd3c312725,2024-04-02 01:43:47.027027,UK,Organic,36
USR_1127,ef639e721e58f271,8f991ae1cd168490,2024-04-02 19:16:02.162162,UK,Paid Search,22
USR_1128,8d4bc0f5e8d552c4,250f7f6568ae89c3,2024-04-03 12:48:17.297297,DE,Paid Search,28
USR_1129,41a48c14beedb4db,b0e882b787dfc7ae,2024-04-04 06:20:32.432432,NL,Organic,29
USR_1130,89411ea6f5a842fe,e0f1cab27e9ea43a,2024-04-04 23:52:47.567567,NL,Social Media,27
USR_1131,afe0a22cfdf792ca,8d90452084564cc0,2024-04-05 17:25:02.702702,DE,Paid Search,25
USR_1132,0d7acd6de4a794d5,3b34de28d1431d6a,2024-04-06 10:57:17.837837,DE,Organic,41
USR_1133,11173ae2ae8df26a,28d5b147b806b2c2,2024-04-07 04:29:32.972972,NL,Organic,45
USR_1134,c5a4920f8f50b181,d1b72d7ea9e0a3fc,2024-04-07 22:01:48.108108,TR,Social Media,58
USR_1135,f188b1f42304ef82,9b13aefc1e85edba,2024-04-08 15:34:03.243243,NL,Organic,53
USR_1136,e440ccb0ea957a38,b49d650bb7cf2b94,2024-04-09 09:06:18.378378,NL,Referral,54
USR_1137,3061016d6939a724,f123c7ea71b90985,2024-04-10 02:38:33.513513,CH,Paid Search,38
USR_1138,b6d7043a7134c4f4,e6db6feeed3d74eb,2024-04-10 20:10:48.648648,NL,Paid Search,25
USR_1139,243b5a4472c8a8b6,c174a01ce0075007,2024-04-11 13:43:03.783783,TR,Social Media,26
USR_1140,a9b716e214d9895f,7632ee19d9de0c6f,2024-04-12 07:15:18.918918,TR,Referral,64
USR_1141,c9eb11ce4c06e41a,04ba34febe2b78c3,2024-04-13 00:47:34.054054,DE,Paid Search,32
USR_1142,370f52744cbabaf6,fb304d46e7263c04,2024-04-13 18:19:49.189189,NL,Social Media,63
USR_1143,85161bf764384141,a315f50a9ea836d0,2024-04-14 11:52:04.324324,NL,Social Media,57
USR_1144,3797435fd5502eff,33405b5fc19329da,2024-04-15 05:24:19.459459,DE,Organic,35
USR_1145,f44e3c790dfd724e,cdd24a81a7dfe034,2024-04-15 22:56:34.594594,DE,Referral,59
USR_1146,28be987dbafb9a3e,da049676f51fc53d,2024-04-16 16:28:49.729729,CH,Referral,37
USR_1147,93708218df046fb8,64f10234914ed632,2024-04-17 10:01:04.864864,NL,Social Media,23
USR_1148,80bc55f34faac401,ad93747a91f037ac,2024-04-18 03:33:20.000000,DE,Referral,29
USR_1149,0d819dd2c69f8117,aee307a63812d7ca,2024-04-18 21:05:35.135135,DE,Referral,19
USR_1150,ba26cf40913e4ef2,322fb0be30c263a1,2024-04-19 14:37:50.270270,TR,Social Media,24
USR_1151,bc662993241a3b7b,36b5e0e3df043c3a,2024-04-20 08:10:05.405405,DE,Referral,33
USR_1152,3a94991739b96c9c,b62d7d8c4db74a32,2024-04-21 01:42:20.540540,DE,Social Media,20
USR_1153,3487efc8541e1d38,a2c56c24e0526a19,2024-04-21 19:14:35.675675,NL,Social Media,62
USR_1154,2042cf27f3b704f0,54e336c2112110d8,2024-04-22 12:46:50.810810,TR,Social Media,20
USR_1155,1355c3450be78227,71ab66f2a24b454e,2024-04-23 06:19:05.945945,DE,Referral,44
USR_1156,8a66fabbe4b93b5d,4946f2bd8d572f68,2024-04-23 23:51:21.081081,CH,Organic,60
USR_1157,8a3f1a84ac1d4b61,461125aa5b344145,2024-04-24 17:23:36.216216,UK,Referral,57
USR_1158,aa5e8eb1495f16e9,8fae303bfc4d505e,2024-04-25 10:55:51.351351,DE,Referral,55
USR_1159,1fdcab93b7fd0d75,95e2afbbb314e21e,2024-04-26 04:28:06.486486,CH,Organic,50
USR_1160,d6753361a86effba,b175fdee29f4af1c,2024-04-26 22:00:21.621621,NL,Referral,45
USR_1161,f2411c09061197e4,eecbecea86dfd69f,2024-04-27 15:32:36.756756,CH,Organic,18
USR_1162,6f51b02badd30b99,86ea8092e93457b7,2024-04-28 09:04:51.891891,CH,Paid Search,25
USR_1163,02951409ea1d2d15,7409150a0faa5a7b,2024-04-29 02:37:07.027027,NL,Social Media,54
USR_1164,29b9c1158cdda6aa,bd519243aade60c5,2024-04-29 20:09:22.162162,DE,Organic,49
USR_1165,5719a377ef1a00ef,6d13625a369fab8f,2024-04-30 13:41:37.297297,UK,Referral,60
USR_1166,4e2b41011920cfbb,7d99923188033a89,2024-05-01 07:13:52.432432,NL,Referral,54
USR_1167,1bb10d18f040a176,a44638b7405739b6,2024-05-02 00:46:07.567567,DE,Paid Search,21
USR_1168,1cbb58a115745241,94dedae9e4d5fe95,2024-05-02 18:18:22.702702,DE,Organic,47
USR_1169,e33fc9bbf4a54653,d2ec8e4367a48feb,2024-05-03 11:50:37.837837,CH,Organic,23
USR_1170,286e9f89f49f000d,408fa6cd8e0ec219,2024-05-04 05:22:52.972972,CH,Social Media,63
USR_1171,621a962d33a85976,3a910481bd521d56,2024-05-04 22:55:08.108108,DE,Email,36
USR_1172,df1bbabf3579c659,778018a9bd58189f,2024-05-05 16:27:23.243243,NL,Social Media,49
USR_1173,5a54b206eb3fabac,008ce7482c1a394d,2024-05-06 09:59:38.378378,DE,Organic,26
USR_1174,c0b5e42af377c2e2,23be5d2d05688a1e,2024-05-07 03:31:53.513513,CH,Social Media,29
USR_1175,7390fa60d545ba15,6a06bd7036d09eda,2024-05-07 21:04:08.648648,DE,Paid Search,28
USR_1176,4b51f7329853fd23,41d0febf456d6236,2024-05-08 14:36:23.783783,CH,Referral,63
USR_1177,688dcf0c13a3d717,a4433a85b0d33d40,2024-05-09 08:08:38.918918,NL,Organic,33
USR_1178,00a58dc5c8f2f7e0,0e08efe7594f9076,2024-05-10 01:40:54.054054,TR,Referral,18
USR_1179,7755700e093a67d6,b8007fc8c5dabe0a,2024-05-10 19:13:09.189189,DE,Paid Search,62
USR_1180,20b354193afb68f6,053e2e8a74344ab3,2024-05-11 12:45:24.324324,NL,Email,38
USR_1181,341ba77dfe1b9e57,45c18c4e6896bbea,2024-05-12 06:17:39.459459,DE,Paid Search,47
USR_1182,8f5eafcc7052a702,db0f1817d400fe19,2024-05-12 23:49:54.594594,TR,Social Media,30
USR_1183,48c085d4c76ffe6f,36856a44c3f8187d,2024-05-13 17:22:09.729729,UK,Email,51
USR_1184,2b86fc1be9c69504,3e3dd1affa21b9d9,2024-05-14 10:54:24.864864,DE,Organic,21
USR_1185,02685400c5a94475,139844f2cd80ea45,2024-05-15 04:26:40.000000,CH,Email,45
USR_1186,bcb65ce84e12092c,44d8851bf6c862ed,2024-05-15 21:58:55.135135,UK,Social Media,55
USR_1187,9364a44e8f0a6824,1babda2ae730388a,2024-05-16 15:31:10.270270,CH,Organic,48
USR_1188,b494118710708568,44b604b200450439,2024-05-17 09:03:25.405405,NL,Paid Search,44
USR_1189,a01fdafec155999e,2fd97ebb49b3c44b,2024-05-18 02:35:40.540540,DE,Social Media,22
USR_1190,0d9a655d80036f4a,104bd0d899a4b420,2024-05-18 20:07:55.675675,DE,Organic,42
USR_1191,ac95f1bc16db9221,1f7bdb3d459e6565,2024-05-19 13:40:10.810810,UK,Social Media,20
USR_1192,3ee5181cd9505505,b075d62098174255,2024-05-20 07:12:25.945945,TR,Paid Search,50
USR_1193,5cb71dfaef350552,0417bd4a2d45547d,2024-05-21 00:44:41.081081,CH,Social Media,21
USR_1194,4941134de7036077,75d908789b2a5025,2024-05-21 18:16:56.216216,NL,Organic,42
USR_1195,ef61a579c907bbed,b113d6a7f4cd4c58,2024-05-22 11:49:11.351351,NL,Referral,37
USR_1196,4e79f6901bb98fad,346b1b5ddcdf3786,2024-05-23 05:21:26.486486,CH,Email,51
USR_1197,e9018c5a87fec5b9,75f988e8084cd3d4,2024-05-23 22:53:41.621621,UK,Email,43
USR_1198,d266161eced11706,7d7e504e5822aaa7,2024-05-24 16:25:56.756756,UK,Social Media,22
USR_1199,537ced49f60ac5ce,c6ced56199e3cc7a,2024-05-25 09:58:11.891891,UK,Organic,52
USR_1200,ee50ac8091f1279e,d50a696d88662961,2024-05-26 03:30:27.027027,CH,Referral,45
USR_1201,34769b10a9051977,90766acad7157e22,2024-05-26 21:02:42.162162,DE,Organic,46
USR_1202,c3a11a97c442fab3,ff3a4d31f4bf2352,2024-05-27 14:34:57.297297,DE,Organic,26
USR_1203,7a742aa64b6f5cfd,411709bcb9ba9cda,2024-05-28 08:07:12.432432,UK,Paid Search,55
USR_1204,6a5e3430a8a7d12e,a09008b619ab2b7c,2024-05-29 01:39:27.567567,CH,Paid Search,23
USR_1205,22943b028f6c9dbd,4c1d70ea38f60dbb,2024-05-29 19:11:42.702702,DE,Referral,36
USR_1206,0f79409a89ace749,6a6650608fcb31f8,2024-05-30 12:43:57.837837,DE,Social Media,61
USR_1207,cbc1d7574b7cd0c7,5740e4643ba5a59e,2024-05-31 06:16:12.972972,CH,Paid Search,28
USR_1208,750c74fb22b712d1,9de59512dcb6cebf,2024-05-31 23:48:28.108108,DE,Organic,19
USR_1209,0769eb67e625664b,36d50daf7db8948d,2024-06-01 17:20:43.243243,DE,Email,64
USR_1210,5e1b5c2955839034,b2b35e8bb09e4258,2024-06-02 10:52:58.378378,NL,Paid Search,61
USR_1211,1748a0a3467fece4,1719d46dca2ee2b8,2024-06-03 04:25:13.513513,CH,Paid Search,61
USR_1212,4d11bb2710e99349,3424cb900e967f8b,2024-06-03 21:57:28.648648,CH,Organic,26
USR_1213,f62509ce4200c380,adaccbc63edb8105,2024-06-04 15:29:43.783783,DE,Referral,38
USR_1214,e3977419db2c5ccf,d948697029ea14de,2024-06-05 09:01:58.918918,CH,Social Media,41
USR_1215,cb7b9470254dc618,845053d7b42bc4f8,2024-06-06 02:34:14.054054,DE,Organic,51
USR_1216,98e22f78848acc4a,ea901ec8e268f779,2024-06-06 20:06:29.189189,NL,Organic,39
USR_1217,c7e0e4df88ee5d78,48645745a7189d93,2024-06-07 13:38:44.324324,CH,Social Media,20
USR_1218,d917d1e0774c0b77,9568b013a20cb6a6,2024-06-08 07:10:59.459459,CH,Social Media,29
USR_1219,4ace998ba334e2d7,3d9861db529822d0,2024-06-09 00:43:14.594594,UK,Organic,45
USR_1220,943d3d57dbba148a,366d629d859ac4f8,2024-06-09 18:15:29.729729,CH,Email,47
USR_1221,1e9b83ea85df0ecd,6342b4de34714b72,2024-06-10 11:47:44.864864,CH,Organic,43
USR_1222,d04ec37abbac4a41,95142a0089b03c76,2024-06-11 05:20:00.000000,DE,Paid Search,38
USR_1223,6fb9d26f65e9395b,01d3db8251d5d02b,2024-06-11 22:52:15.135135,NL,Email,45
USR_1224,2dddf678d912abe3,6e3913852f512d76,2024-06-12 16:24:30.270270,DE,Paid Search,43
USR_1225,23f28a8f6ff32d10,15f548dacce86bee,2024-06-13 09:56:45.405405,DE,Social Media,50
USR_1226,a9b14109df9e82d0,a6ecd9b8a4d14278,2024-06-14 03:29:00.540540,TR,Paid Search,38
USR_1227,0eaae2b809fc662a,2356642e195c8341,2024-06-14 21:01:15.675675,NL,Organic,52
USR_1228,428eecd8b38bc763,cd677c7750e78a16,2024-06-15 14:33:30.810810,UK,Email,51
USR_1229,9369267e6e6dd791,fae8032426292dbf,2024-06-16 08:05:45.945945,CH,Paid Search,58
USR_1230,fda9c9dc2ebfc2bd,6d615a730821e45d,2024-06-17 01:38:01.081081,UK,Referral,64
USR_1231,910cc62d55cf96a3,50bdfc8d3eb171b2,2024-06-17 19:10:16.216216,NL,Organic,35
USR_1232,ec5e95ae6fda9d61,b155a07730be779f,2024-06-18 12:42:31.351351,CH,Organic,28
USR_1233,27758e699abddc31,c8563925a502aaca,2024-06-19 06:14:46.486486,NL,Organic,40
USR_1234,db76cd066127f3c2,d9d812cd5ea94ea9,2024-06-19 23:47:01.621621,DE,Social Media,39
USR_1235,8de922d9c100802c,02e86aa104b68b9b,2024-06-20 17:19:16.756756,CH,Paid Search,34
USR_1236,ca86423278b030ed,22686c1c857d6ac6,2024-06-21 10:51:31.891891,DE,Referral,22
USR_1237,809ecff0753a4362,0ecab4fb63f2b250,2024-06-22 04:23:47.027027,DE,Paid Search,61
USR_1238,e07e9eb2b0fa6554,88da315e19c22c14,2024-06-22 21:56:02.162162,CH,Email,28
USR_1239,c23b30d68d66407a,df856873d47dd903,2024-06-23 15:28:17.297297,DE,Organic,47
USR_1240,920281318e1f0c2e,f0c62d15b8506547,2024-06-24 09:00:32.432432,TR,Referral,32
USR_1241,98153c5a6739adc8,040dec2cb2f5796b,2024-06-25 02:32:47.567567,TR,Referral,44
USR_1242,a6437cbf5afe9867,9bf397f2107e3098,2024-06-25 20:05:02.702702,TR,Referral,52
USR_1243,e51f576702b9f1e0,4dee3f982d69f2a1,2024-06-26 13:37:17.837837,NL,Referral,50
USR_1244,5f55449413e8ffaf,1817fa72cb7dce69,2024-06-27 07:09:32.972972,DE,Referral,37
USR_1245,40cd9626b4243da1,e46b4f8c51acbf90,2024-06-28 00:41:48.108108,TR,Social Media,33
USR_1246,a8fe83d8ef33c170,4f88fed5913a182a,2024-06-28 18:14:03.243243,NL,Organic,51
USR_1247,49f2220f29366efa,06e07635df348876,2024-06-29 11:46:18.378378,TR,Organic,19
USR_1248,7287789e3d05ae04,1953e3d434d79963,2024-06-30 05:18:33.513513,TR,Email,52
USR_1249,a5550091f4b8eae1,9eaafb946f6df97d,2024-06-30 22:50:48.648648,UK,Social Media,57
USR_1250,3f77e2ceb6cd782c,5935e2ab7a83b9bb,2024-07-01 16:23:03.783783,DE,Referral,45
USR_1251,3d4812ffed6f7a18,785fb6316db0b8e0,2024-07-02 09:55:18.918918,NL,Paid Search,64
USR_1252,1320e12708bd0c40,8e43c3a962a75cc5,2024-07-03 03:27:34.054054,UK,Organic,56
USR_1253,04d77de061f13976,d61bbc9a872c9147,2024-07-03 20:59:49.189189,NL,Organic,23
USR_1254,4645bb267fd10b5a,23ebc38052d5913a,2024-07-04 14:32:04.324324,DE,Social Media,26
USR_1255,9b2120e4341fce1e,8211b062f3d2bfc5,2024-07-05 08:04:19.459459,CH,Paid Search,37
USR_1256,5ce11d09edc8029c,bb7fbabfe1a57252,2024-07-06 01:36:34.594594,TR,Organic,18
USR_1257,2830d9b8a95defa1,4be703cff309d3e3,2024-07-06 19:08:49.729729,CH,Paid Search,25
USR_1258,84e1477a4f408955,1b945cea062e0e1c,2024-07-07 12:41:04.864864,CH,Organic,40
USR_1259,607b90e828649ac6,7445f64a8307dc31,2024-07-08 06:13:20.000000,DE,Social Media,20
USR_1260,b632b119c9f6f29d,d5abda50a9deca70,2024-07-08 23:45:35.135135,CH,Organic,21
USR_1261,c8aa661c06d6ef36,b007c47702da0599,2024-07-09 17:17:50.270270,TR,Referral,42
USR_1262,9a968bebac0b2fd1,807afb0eb128788b,2024-07-10 10:50:05.405405,DE,Paid Search,64
USR_1263,6d330cc5d8846a8e,69642f59d957329b,2024-07-11 04:22:20.540540,NL,Paid Search,55
USR_1264,3b8298af52e4d1d9,82d5f06e2435fbde,2024-07-11 21:54:35.675675,UK,Organic,32
USR_1265,de7ee11ffec6049e,3096da616e8a58ae,2024-07-12 15:26:50.810810,CH,Organic,38
USR_1266,8d35e286457c02b5,8554e24fbd56506e,2024-07-13 08:59:05.945945,CH,Paid Search,52
USR_1267,e65f9873630cf804,9e720fada8107dd1,2024-07-14 02:31:21.081081,CH,Paid Search,63
USR_1268,52d42f00727a5486,4e236db82bac1972,2024-07-14 20:03:36.216216,NL,Social Media,31
USR_1269,a104234e29daac7b,2ab423d0226fbba4,2024-07-15 13:35:51.351351,DE,Organic,53
USR_1270,2b04bc9e76d9a6ff,3da715fc19d1f88e,2024-07-16 07:08:06.486486,UK,Social Media,29
USR_1271,b80ca52d8f249dbc,3ad84b03e2ce79e3,2024-07-17 00:40:21.621621,UK,Referral,34
USR_1272,5c7d166301c2c651,a6c7809fb10c22b6,2024-07-17 18:12:36.756756,UK,Referral,56
USR_1273,ff78268618e78f24,2b7cd6daa5a43a6f,2024-07-18 11:44:51.891891,TR,Organic,26
USR_1274,007504a13829d8c3,c7b0950afb51d492,2024-07-19 05:17:07.027027,NL,Paid Search,52
USR_1275,f2e3e0bdee19329c,cd4f6482553d3679,2024-07-19 22:49:22.162162,NL,Organic,30
USR_1276,fc5541e462841eda,34b31394d21e88d5,2024-07-20 16:21:37.297297,UK,Organic,32
USR_1277,c4ea3846075039a2,351d5498372f27d6,2024-07-21 09:53:52.432432,CH,Email,35
USR_1278,b7140daa2fb41348,1174d132fe2cc29e,2024-07-22 03:26:07.567567,CH,Organic,50
USR_1279,60e8c79033354409,da0d7e7809d98e5d,2024-07-22 20:58:22.702702,UK,Paid Search,23
USR_1280,574b30a5cced7a79,6cc4e5a81b1df0f0,2024-07-23 14:30:37.837837,UK,Social Media,44
USR_1281,69ea0a8df03820ec,3b62869fd5b11177,2024-07-24 08:02:52.972972,NL,Social Media,40
USR_1282,bb82df2dbffa1a10,42c10a6cbea0c907,2024-07-25 01:35:08.108108,NL,Social Media,44
USR_1283,e988584ba9635c5d,0a81c835bca4813e,2024-07-25 19:07:23.243243,DE,Organic,51
USR_1284,002a015d288282e2,4cb3a3969ff1725e,2024-07-26 12:39:38.378378,CH,Paid Search,63
USR_1285,e882f509093e3b6a,a5a174936b124bfa,2024-07-27 06:11:53.513513,DE,Paid Search,55
USR_1286,02c0ac548a286ed3,9885907b08badb47,2024-07-27 23:44:08.648648,NL,Organic,31
USR_1287,30209fc9305dee98,2711cbedd08fc3b0,2024-07-28 17:16:23.783783,NL,Paid Search,53
USR_1288,7ee67b72259a34cc,1967aef27bb937c0,2024-07-29 10:48:38.918918,DE,Organic,25
USR_1289,fa2391be820a07f2,887eaf6236b766a8,2024-07-30 04:20:54.054054,CH,Organic,52
USR_1290,4cbbd88c5f646a90,7e943f2151b0cf76,2024-07-30 21:53:09.189189,DE,Paid Search,36
USR_1291,21a69e4babdb3283,071254c6c5d28925,2024-07-31 15:25:24.324324,DE,Organic,47
USR_1292,225b35209b8def44,1ab3750b84b48ae1,2024-08-01 08:57:39.459459,UK,Social Media,31
USR_1293,d289fae352ed5b3f,09435b5ede336855,2024-08-02 02:29:54.594594,NL,Social Media,37
USR_1294,9cc9d6d4194c5900,381a18bac6217c0b,2024-08-02 20:02:09.729729,DE,Referral,42
USR_1295,fea4e485e5c0cc7f,640eb661486a75ae,2024-08-03 13:34:24.864864,NL,Organic,57
USR_1296,1c5188a1f862fc67,53378002092b4700,2024-08-04 07:06:40.000000,UK,Organic,41
USR_1297,738c577aee5e904a,57d51f1ed1ef117d,2024-08-05 00:38:55.135135,DE,Organic,31
USR_1298,0a63f815ab0e6bd3,dbcd4ae09d58b80f,2024-08-05 18:11:10.270270,CH,Social Media,43
USR_1299,6cc7e24231eea11c,4e32991051a7208b,2024-08-06 11:43:25.405405,DE,Social Media,55
USR_1300,7ac2ee89a5dea165,16a62d1d06060f6e,2024-08-07 05:15:40.540540,DE,Organic,40
USR_1301,a10450a87dc3ceb1,cfc95b11a6c3f21c,2024-08-07 22:47:55.675675,NL,Email,39
USR_1302,b5a03b359981032b,70de184e99ef87a3,2024-08-08 16:20:10.810810,NL,Organic,36
USR_1303,4fd492b64373b113,d7b86f599ada4157,2024-08-09 09:52:25.945945,CH,Paid Search,63
USR_1304,9c4ed41eb030ea6f,b68cd6b1c40696ea,2024-08-10 03:24:41.081081,CH,Social Media,20
USR_1305,7a12a66cf12565e2,40f32799f19a24b2,2024-08-10 20:56:56.216216,TR,Referral,59
USR_1306,29f2cdb2d14497da,5a3bb0d3e178ddf0,2024-08-11 14:29:11.351351,NL,Social Media,36
USR_1307,ec46104fe62593b8,53e3b60c2dbe8fba,2024-08-12 08:01:26.486486,NL,Referral,26
USR_1308,62ce7af76897d2c7,30e8c6f76d8f7826,2024-08-13 01:33:41.621621,UK,Paid Search,45
USR_1309,c18a38ea083a057e,1c47a38b98b34f1b,2024-08-13 19:05:56.756756,DE,Referral,37
USR_1310,572f11adf042ab6e,c3298fec6c6210cf,2024-08-14 12:38:11.891891,NL,Organic,62
USR_1311,1134a98f10578c33,a1d262349e73f292,2024-08-15 06:10:27.027027,DE,Referral,24
USR_1312,e86fd37a1d589309,a5771fcd0436ba9d,2024-08-15 23:42:42.162162,DE,Paid Search,31
USR_1313,9524983447ebdd5c,169f1b5caf1ecc95,2024-08-16 17:14:57.297297,TR,Referral,26
USR_1314,d81794f47b6d222d,7c12e633236cb2ef,2024-08-17 10:47:12.432432,UK,Paid Search,36
USR_1315,99d46f9366afae2d,2c1b7c78cb950982,2024-08-18 04:19:27.567567,CH,Social Media,64
USR_1316,bf92a833490d9136,866e735cd0086b18,2024-08-18 21:51:42.702702,NL,Paid Search,31
USR_1317,3b9fe32ca2c3e32c,4908ba283b3f5b9d,2024-08-19 15:23:57.837837,DE,Social Media,55
USR_1318,0d6d81760e31433d,99683b8abc69319a,2024-08-20 08:56:12.972972,DE,Organic,53
USR_1319,245c30acba918765,3d31e86b904cb85e,2024-08-21 02:28:28.108108,DE,Organic,57
USR_1320,31fbbcbf4b040742,91ab2bbad0ffa10c,2024-08-21 20:00:43.243243,NL,Organic,34
USR_1321,499e4424eb1b0076,6fb52215654cf1fc,2024-08-22 13:32:58.378378,CH,Organic,47
USR_1322,45bf330a1777f677,6b060e8a571bb354,2024-08-23 07:05:13.513513,CH,Referral,26
USR_1323,375b09c8127b55e7,1abc9dc7168c4be9,2024-08-24 00:37:28.648648,DE,Organic,50
USR_1324,2f931a6e43682f96,70d53b393527b827,2024-08-24 18:09:43.783783,TR,Email,42
USR_1325,1bb59dd4451afac7,c97a6fdf03d9b914,2024-08-25 11:41:58.918918,CH,Paid Search,31
USR_1326,f1f4fae502adbbe3,ba12e09a8f9acf38,2024-08-26 05:14:14.054054,CH,Organic,28
USR_1327,20819f83b3fee3fe,3ab6f082ae6657e9,2024-08-26 22:46:29.189189,CH,Referral,52
USR_1328,35fa7c5d24b143bf,a3e0fee52b4eada0,2024-08-27 16:18:44.324324,NL,Social Media,58
USR_1329,4a782ee6a8e21213,3b4bd9542329356b,2024-08-28 09:50:59.459459,DE,Paid Search,31
USR_1330,924d5e0ec610d20a,fec096267d48351f,2024-08-29 03:23:14.594594,NL,Social Media,47
USR_1331,4e7376a550516279,769f467453f62ff3,2024-08-29 20:55:29.729729,UK,Social Media,58
USR_1332,9522d25caf270bea,cfa8a0ea2ed34e1f,2024-08-30 14:27:44.864864,DE,Organic,21
USR_1333,57c16bb59060e682,2ddf001de1bf973e,2024-08-31 08:00:00.000000,DE,Email,21
USR_1334,82574d3978a5696f,c73546f3547e5b65,2024-09-01 01:32:15.135135,DE,Email,45
USR_1335,04ab6b325c72cca1,1b88125c91eafbe5,2024-09-01 19:04:30.270270,DE,Social Media,25
USR_1336,c73e3115c9bea5cf,b06ea16e80c471fa,2024-09-02 12:36:45.405405,UK,Organic,19
USR_1337,0b72fcac5cb1184d,1e20a369e3285eea,2024-09-03 06:09:00.540540,CH,Social Media,58
USR_1338,7be32273adf6d4fc,91c34cd2735cda84,2024-09-03 23:41:15.675675,NL,Organic,63
USR_1339,771067e10de2e3b4,6c1771d07ba4db25,2024-09-04 17:13:30.810810,DE,Organic,39
USR_1340,0cecfa3e02010ed5,c1103defbbda88fa,2024-09-05 10:45:45.945945,NL,Organic,58
USR_1341,8e6b9d6dbbbf3a70,7602c281d0c89fbe,2024-09-06 04:18:01.081081,NL,Paid Search,33
USR_1342,39e8d284220f6477,0efb6cb2cc5fa68e,2024-09-06 21:50:16.216216,DE,Referral,46
USR_1343,ef215416b28c5537,4fefbcad5e965361,2024-09-07 15:22:31.351351,NL,Social Media,47
USR_1344,b40a91be874292a6,4f7836517287e391,2024-09-08 08:54:46.486486,NL,Social Media,29
USR_1345,2c480574e1decacb,c8fc1f91f02a3d27,2024-09-09 02:27:01.621621,CH,Paid Search,52
USR_1346,492bdf798ccfdf15,ad5c4b1d362e44a1,2024-09-09 19:59:16.756756,CH,Paid Search,28
USR_1347,fa9890a65f8597f5,bc878e8872c54656,2024-09-10 13:31:31.891891,DE,Paid Search,63
USR_1348,1c8d283dc1babf20,7fdda95b375f6ed3,2024-09-11 07:03:47.027027,NL,Email,38
USR_1349,6f8a0288bb185a53,e8769cb56caf6252,2024-09-12 00:36:02.162162,CH,Organic,38
USR_1350,97a627abbfa051af,5ad90f68482eb4c1,2024-09-12 18:08:17.297297,NL,Referral,22
USR_1351,66989ca3dfbc3305,80433240f99bcb77,2024-09-13 11:40:32.432432,UK,Social Media,37
USR_1352,f3f1c6685a64c5aa,48ca11a86f4ca75f,2024-09-14 05:12:47.567567,CH,Paid Search,54
USR_1353,edf6ef8127fd6277,1380505ebb5d8a2c,2024-09-14 22:45:02.702702,DE,Social Media,20
USR_1354,a302b4fb4b764d03,9089d61c4cdc598b,2024-09-15 16:17:17.837837,DE,Paid Search,61
USR_1355,23c75b6476621ddb,a2737f7a22fb6a8f,2024-09-16 09:49:32.972972,CH,Referral,50
USR_1356,ee160fd01e511c17,d5425260e1345c81,2024-09-17 03:21:48.108108,DE,Email,26
USR_1357,307c83d8c915881f,b6550f4b420645a2,2024-09-17 20:54:03.243243,CH,Paid Search,26
USR_1358,a7adbaaab73acd96,6b961a891c2b7469,2024-09-18 14:26:18.378378,TR,Organic,21
USR_1359,44aecfe14081a100,714dcd58df26c735,2024-09-19 07:58:33.513513,CH,Social Media,52
USR_1360,d12b622ffd97fe6f,ade191c4bb32f11a,2024-09-20 01:30:48.648648,NL,Email,34
USR_1361,067ee7c441b5d847,0ea4c8a8374c940a,2024-09-20 19:03:03.783783,CH,Organic,51
USR_1362,8b10b6aee533fd20,dc6438ad3622e4a3,2024-09-21 12:35:18.918918,NL,Social Media,41
USR_1363,b20ac6a40d5586ca,6e852e5e2e98fe54,2024-09-22 06:07:34.054054,NL,Social Media,49
USR_1364,4b72e4edf2664ece,cce6c4fbb7088f26,2024-09-22 23:39:49.189189,TR,Social Media,18
USR_1365,3f6e9455cdf20524,a26e71c472c74d87,2024-09-23 17:12:04.324324,NL,Organic,25
USR_1366,1127daddf9024fae,a68af2371b311734,2024-09-24 10:44:19.459459,TR,Social Media,62
USR_1367,f635b7064eace55f,48082bfde9e2184e,2024-09-25 04:16:34.594594,TR,Email,40
USR_1368,bab355dbbb72a8ad,2af5281d32e7c8d3,2024-09-25 21:48:49.729729,DE,Organic,64
USR_1369,9f843f6d80690514,2c1533e39cda76e4,2024-09-26 15:21:04.864864,DE,Organic,57
USR_1370,09c143e7ee91c6f9,f8bc7c921fbccbcb,2024-09-27 08:53:20.000000,DE,Email,29
USR_1371,99f5427b725851af,57b9a8de1028f124,2024-09-28 02:25:35.135135,DE,Organic,29
USR_1372,8b2542f015c6dcf6,3c6895181c445c63,2024-09-28 19:57:50.270270,DE,Referral,63
USR_1373,a6994a4e5b090ce0,98625b064846a207,2024-09-29 13:30:05.405405,CH,Paid Search,64
USR_1374,a033f0ee17655e28,d6e9b54191b0785e,2024-09-30 07:02:20.540540,DE,Organic,32
USR_1375,a54520cf3912f4eb,124004c47707ea50,2024-10-01 00:34:35.675675,NL,Referral,58
USR_1376,b4daa7d8fa83b7d6,60c58ab69a13686a,2024-10-01 18:06:50.810810,UK,Paid Search,36
USR_1377,b19e7cc6e17b0ca9,f99f1bf77ea29a59,2024-10-02 11:39:05.945945,DE,Paid Search,43
USR_1378,e1a93bceff99291d,13925ea6bafd7e2e,2024-10-03 05:11:21.081081,UK,Paid Search,46
USR_1379,6ea25e045a114444,491252916578ae43,2024-10-03 22:43:36.216216,DE,Social Media,39
USR_1380,c158e3589c53b20a,cf5a449afe757d42,2024-10-04 16:15:51.351351,DE,Organic,57
USR_1381,54c1b31608164bcd,896c344aeb56869a,2024-10-05 09:48:06.486486,CH,Paid Search,38
USR_1382,e37292f99034ad4c,931f3ecf3e98dbe9,2024-10-06 03:20:21.621621,CH,Email,55
USR_1383,fe63724441576b03,449903adf4819d76,2024-10-06 20:52:36.756756,UK,Organic,37
USR_1384,778ef4040ab61b8d,03e80ff70e4ed00a,2024-10-07 14:24:51.891891,CH,Social Media,46
USR_1385,1267cdbc78e503b1,6029a6ffef48e50f,2024-10-08 07:57:07.027027,UK,Paid Search,21
USR_1386,32bea913f2cf7318,461b1a901c18f283,2024-10-09 01:29:22.162162,DE,Referral,24
USR_1387,35ef51474e2d9e86,44cad5f43fe606b1,2024-10-09 19:01:37.297297,DE,Organic,45
USR_1388,bcf9fef78d5ddd70,04103227e27e1ca7,2024-10-10 12:33:52.432432,UK,Email,45
USR_1389,8336217f140cb6b6,d77994c2173e1fee,2024-10-11 06:06:07.567567,UK,Paid Search,21
USR_1390,a174a3f6411b78bd,7c1b2f2453d54d91,2024-10-11 23:38:22.702702,TR,Organic,39
USR_1391,02d0c47b216a18b9,5afbf9099e8417d8,2024-10-12 17:10:37.837837,NL,Organic,29
USR_1392,410b532d3a49712c,b531afd96c9bc100,2024-10-13 10:42:52.972972,NL,Organic,62
USR_1393,64c4d987f3bfcf18,0bbec6c0a7b23b52,2024-10-14 04:15:08.108108,UK,Paid Search,20
USR_1394,caa1bf796ee9de01,b1dd9063fc5dcd37,2024-10-14 21:47:23.243243,NL,Paid Search,39
USR_1395,a84a580b28cb3728,804c54d51855bf2a,2024-10-15 15:19:38.378378,TR,Referral,61
USR_1396,49d5b1ee1ba0e8c6,34cac699d6bba890,2024-10-16 08:51:53.513513,UK,Paid Search,19
USR_1397,c88a2ced8bd4ff42,d5e6acd91c5bfb3f,2024-10-17 02:24:08.648648,NL,Organic,41
USR_1398,a6ce54ed1a0b0219,b14e4c43d517be1d,2024-10-17 19:56:23.783783,UK,Social Media,51
USR_1399,95ff185f2ab5c26d,326d57d70a6872de,2024-10-18 13:28:38.918918,UK,Social Media,44
USR_1400,91edacc0eb1d5b4c,776d63284900f72a,2024-10-19 07:00:54.054054,DE,Organic,58
USR_1401,27cc11dc23a29b01,420b1706a77697b8,2024-10-20 00:33:09.189189,TR,Organic,18
USR_1402,b5859b3be769b9b6,893d3288e1366eae,2024-10-20 18:05:24.324324,NL,Organic,25
USR_1403,71a693eaf36356e1,b12483581ae4651b,2024-10-21 11:37:39.459459,UK,Social Media,40
USR_1404,28be172f2bdc9ab0,25877c59a94fcc0c,2024-10-22 05:09:54.594594,NL,Social Media,55
USR_1405,9fd896db9afa2fa5,8503873cfcf228dd,2024-10-22 22:42:09.729729,UK,Paid Search,23
USR_1406,a7535319eba189a5,87b770470bf81097,2024-10-23 16:14:24.864864,NL,Referral,39
USR_1407,defef5f81bd72320,5923e784fd26a331,2024-10-24 09:46:40.000000,DE,Referral,42
USR_1408,774b76be9fba46f3,7350f50549a29cf8,2024-10-25 03:18:55.135135,TR,Social Media,35
USR_1409,7cd096081209a08c,216c10b151fc5de1,2024-10-25 20:51:10.270270,DE,Referral,34
USR_1410,683ad99f7a24d366,d1b0b8f71095142c,2024-10-26 14:23:25.405405,NL,Organic,29
USR_1411,d67a2fdb2f3f17f6,758fd388305f35ec,2024-10-27 07:55:40.540540,TR,Organic,23
USR_1412,61f6858135f0c172,f407265c9ced1040,2024-10-28 01:27:55.675675,TR,Organic,43
USR_1413,b8699eb40d558f41,42cf536fd550ac75,2024-10-28 19:00:10.810810,CH,Organic,44
USR_1414,d6c55d938f7006f0,c9cd4c0f370db78b,2024-10-29 12:32:25.945945,CH,Paid Search,25
USR_1415,499a40998acd8dfb,43a3d9c51fc255ee,2024-10-30 06:04:41.081081,NL,Email,36
USR_1416,a2ae689e6559ebbf,4e3f2f35dbbf2ae1,2024-10-30 23:36:56.216216,DE,Organic,59
USR_1417,6851f2470fd70936,cd402a0e32d41640,2024-10-31 17:09:11.351351,NL,Organic,18
USR_1418,07bc9a6923a25968,275355b89467ccca,2024-11-01 10:41:26.486486,CH,Paid Search,46
USR_1419,dcdd9ca0add8a47e,6143a6542b33a4a0,2024-11-02 04:13:41.621621,UK,Email,62
USR_1420,2f920784bfefb251,99809ec6cf6f0eac,2024-11-02 21:45:56.756756,UK,Paid Search,52
USR_1421,478ff552845552a3,6ef5ea9355102e68,2024-11-03 15:18:11.891891,UK,Paid Search,57
USR_1422,3a46d312c733eab2,cf1e40787747bb87,2024-11-04 08:50:27.027027,DE,Organic,31
USR_1423,a6669f601f0da6dc,2f1f78b805161a96,2024-11-05 02:22:42.162162,NL,Organic,52
USR_1424,4b6c86def6434410,200508e840c271d9,2024-11-05 19:54:57.297297,DE,Email,62
USR_1425,b4c2c10f592c0122,845e1a780afc2cd7,2024-11-06 13:27:12.432432,NL,Email,37
USR_1426,3986bb98e0635327,430291597cba4b4a,2024-11-07 06:59:27.567567,NL,Organic,30
USR_1427,46f68a37c3fc4e9a,3dbe46b7c936f3bc,2024-11-08 00:31:42.702702,UK,Email,55
USR_1428,504c7356c1d9f5af,372303b1730db74b,2024-11-08 18:03:57.837837,NL,Social Media,63
USR_1429,7ee8d39bd05589fa,04bff4617bac0fa0,2024-11-09 11:36:12.972972,DE,Referral,25
USR_1430,db515b96e5227cf6,ffd80d9fddf4043b,2024-11-10 05:08:28.108108,DE,Paid Search,60
USR_1431,3fe4c5040d906095,9afe7d7abc9da30f,2024-11-10 22:40:43.243243,UK,Paid Search,37
USR_1432,45fdd33ed76eb076,ca76f5d4cef3b258,2024-11-11 16:12:58.378378,CH,Paid Search,50
USR_1433,63670d84d13d829a,3b68ec7dcee4c7a5,2024-11-12 09:45:13.513513,DE,Social Media,43
USR_1434,75478f1d839e982b,16db7c24c80b956d,2024-11-13 03:17:28.648648,DE,Organic,56
USR_1435,99d56bf0f217ac43,d52d0d8e5f2fafff,2024-11-13 20:49:43.783783,CH,Organic,38
USR_1436,66b2f5b00f1be8a1,04b28304090e0e3d,2024-11-14 14:21:58.918918,DE,Paid Search,59
USR_1437,fd70053229f8dc9e,0ffb2464bcd726fa,2024-11-15 07:54:14.054054,UK,Social Media,60
USR_1438,3f442d5a78b5b2ad,99a9acfe00cd1e4f,2024-11-16 01:26:29.189189,CH,Organic,58
USR_1439,067e2ff51fce2da4,47e9ea1628bcd8c1,2024-11-16 18:58:44.324324,DE,Social Media,26
USR_1440,c6db57a8a7165682,129cee3fd4cc0715,2024-11-17 12:30:59.459459,DE,Email,41
USR_1441,251e32f498149d5a,9327c0065246a4e2,2024-11-18 06:03:14.594594,TR,Organic,54
USR_1442,cc6e4cfd74167ff4,d8a8766a0f57c84d,2024-11-18 23:35:29.729729,NL,Social Media,58
USR_1443,9c8585e70b7d2844,96c876cf9463dfa5,2024-11-19 17:07:44.864864,NL,Paid Search,34
USR_1444,6b29a616e78be045,7352366f246474a6,2024-11-20 10:40:00.000000,UK,Referral,41
USR_1445,1b2c764cf10a1be6,8cf72bf2381422bd,2024-11-21 04:12:15.135135,TR,Organic,38
USR_1446,d69999acc2a92b46,bb4fc2afad1d75f6,2024-11-21 21:44:30.270270,TR,Social Media,56
USR_1447,cae0038bde0210e4,9a0bb141af3d0620,2024-11-22 15:16:45.405405,UK,Referral,58
USR_1448,f26f63cca6645de0,aa2d40f9e398fd79,2024-11-23 08:49:00.540540,NL,Email,56
USR_1449,5f4a83a64dfbf471,594e6f6b45acf1f0,2024-11-24 02:21:15.675675,DE,Social Media,30
USR_1450,1d850bb12d48b327,ad165fa1d70523f7,2024-11-24 19:53:30.810810,UK,Paid Search,28
USR_1451,ecf19591de9c56dc,f1f1975175df7414,2024-11-25 13:25:45.945945,CH,Social Media,63
USR_1452,98c6f6f7644fd27e,690ba8334b771e91,2024-11-26 06:58:01.081081,NL,Referral,36
USR_1453,e9c8eb2d60153626,65128a5693966cc2,2024-11-27 00:30:16.216216,TR,Social Media,28
USR_1454,415e0549b8cd1846,e4883d6f5b288321,2024-11-27 18:02:31.351351,DE,Organic,30
USR_1455,e66d2c4e76bb772d,bb7233bc0895b617,2024-11-28 11:34:46.486486,NL,Email,63
USR_1456,a6c8348f9ef09a2b,609cfd0ff8c47a61,2024-11-29 05:07:01.621621,DE,Social Media,62
USR_1457,a6d4d602f3da9665,c2cefa86863c8b77,2024-11-29 22:39:16.756756,NL,Social Media,18
USR_1458,71d3634503dbaafb,25062abd79c97f2d,2024-11-30 16:11:31.891891,DE,Organic,57
USR_1459,4ce4921f42d13399,bea57753e350ed53,2024-12-01 09:43:47.027027,DE,Social Media,61
USR_1460,3b4734c8ef7ea163,ec2f798cb5d6d1c0,2024-12-02 03:16:02.162162,DE,Paid Search,36
USR_1461,0dd2b9b0a96b0fe6,9a12f51a75d21982,2024-12-02 20:48:17.297297,CH,Social Media,29
USR_1462,d28aa62f4092e1ba,46bb68f73cf0673e,2024-12-03 14:20:32.432432,CH,Organic,25
USR_1463,c5d95c6c1e67eb1b,3ef75a14820a7da4,2024-12-04 07:52:47.567567,CH,Social Media,25
USR_1464,6f178ec4fbeadf42,ca40127ebb5c9789,2024-12-05 01:25:02.702702,TR,Email,62
USR_1465,60198e10ac147ed8,dd7f023b4b68d4f5,2024-12-05 18:57:17.837837,NL,Organic,29
USR_1466,7bd9ed8ac7346ee0,9b211e2c165f7079,2024-12-06 12:29:32.972972,DE,Email,50
USR_1467,93b546b89217e9bd,50677af23bf0eaa2,2024-12-07 06:01:48.108108,UK,Paid Search,62
USR_1468,7313deb1ff364bda,35c0f9c70a46b5b9,2024-12-07 23:34:03.243243,DE,Referral,43
USR_1469,5ba6f485b9693d3a,fac36733bf76d809,2024-12-08 17:06:18.378378,TR,Referral,56
USR_1470,5143e52725c91284,60d6122a326b6c6d,2024-12-09 10:38:33.513513,DE,Social Media,45
USR_1471,f04ae306be1469db,b2794ad8985ecb9b,2024-12-10 04:10:48.648648,TR,Social Media,22
USR_1472,e31302274ce4da7c,2936649afb17c78f,2024-12-10 21:43:03.783783,DE,Referral,25
USR_1473,95c1d93f9a72718a,eba7f0a29ae74ed8,2024-12-11 15:15:18.918918,UK,Paid Search,42
USR_1474,93ba0a546134226a,e35480ece84b3a75,2024-12-12 08:47:34.054054,NL,Paid Search,44
USR_1475,a637bb4a8eda4ce0,cbb061f8cb4e381a,2024-12-13 02:19:49.189189,TR,Social Media,63
USR_1476,e13c184dc986a05f,139695c01819eb16,2024-12-13 19:52:04.324324,DE,Referral,40
USR_1477,1b96e9db40e65dfe,04fcecaf6f8d430d,2024-12-14 13:24:19.459459,CH,Referral,47
USR_1478,964cec0c697ea722,aeff792c001ad6ae,2024-12-15 06:56:34.594594,TR,Referral,62
USR_1479,28c901a1f5d4a211,557674da6b58e1a5,2024-12-16 00:28:49.729729,NL,Paid Search,64
USR_1480,3c47a26d01bf2d69,3288362244c3ce96,2024-12-16 18:01:04.864864,CH,Referral,40
USR_1481,9494dc8c08ace32d,418fe6fa22f9d61c,2024-12-17 11:33:20.000000,CH,Organic,64
USR_1482,2c8b79b70d43fdf7,392af58aea6e9802,2024-12-18 05:05:35.135135,NL,Paid Search,37
USR_1483,fe166e1c1e5770cc,c7577f1127187a5b,2024-12-18 22:37:50.270270,CH,Organic,35
USR_1484,df9c6fa036ace0a8,f6f226d0627810ed,2024-12-19 16:10:05.405405,CH,Paid Search,35
USR_1485,68d29d94047691b2,155ef7123f7d849f,2024-12-20 09:42:20.540540,TR,Paid Search,19
USR_1486,0abb8d6d089f9bda,e0ab4a8ed6de0d02,2024-12-21 03:14:35.675675,DE,Paid Search,21
USR_1487,31100348e392eb20,3e1ed22342b8b165,2024-12-21 20:46:50.810810,DE,Social Media,47
USR_1488,d2416608e7abd6c2,9949c96431fe5b1f,2024-12-22 14:19:05.945945,TR,Paid Search,50
USR_1489,fc6ead3506b4fdc5,48b6bf1a5b939798,2024-12-23 07:51:21.081081,UK,Paid Search,53
USR_1490,0ff1be05e28511ad,8cba5f06ae99c7a9,2024-12-24 01:23:36.216216,NL,Organic,35
USR_1491,0f5c06a44e339e9e,6910582abbe92347,2024-12-24 18:55:51.351351,CH,Paid Search,54
USR_1492,28c2313643aeb60b,7d4fb2cc09b42541,2024-12-25 12:28:06.486486,DE,Organic,36
USR_1493,511de8bc6959bda9,cf45cf2e1bdc9b3d,2024-12-26 06:00:21.621621,DE,Organic,64
USR_1494,da61fb95d1046c4f,b1a3daeb9146a993,2024-12-26 23:32:36.756756,NL,Social Media,45
USR_1495,7fdb5fb5cdc58d3c,e31b1974a74c1db0,2024-12-27 17:04:51.891891,NL,Social Media,57
USR_1496,dca3e3e03988033d,2cd0ad972784688d,2024-12-28 10:37:07.027027,CH,Social Media,37
USR_1497,aecc90eab65ebd6f,63249201773900c3,2024-12-29 04:09:22.162162,DE,Paid Search,50
USR_1498,5931198c196c8900,f6601b9c73513f03,2024-12-29 21:41:37.297297,TR,Paid Search,29
USR_1499,4d3d31fd496a3432,39faac1d3337c245,2024-12-30 15:13:52.432432,TR,Referral,32
USR_1500,5814c46084eb010a,a2cd6e1443af32c0,2024-12-31 08:46:07.567567,CH,Paid Search,58
USR_1501,aae984fd8e4e35d5,d8a3a83dde46a6b7,2025-01-01 02:18:22.702702,NL,Paid Search,56
USR_1502,b0a924f760ecab25,cc189ee30d992633,2025-01-01 19:50:37.837837,NL,Organic,19
USR_1503,68f1ef25e9120ce4,21ea6cfb3582aa76,2025-01-02 13:22:52.972972,UK,Paid Search,46
USR_1504,a3174534b0f0f459,382393062e967c5e,2025-01-03 06:55:08.108108,CH,Paid Search,58
USR_1505,2b5c15c83f2ed1b2,34194338f06d6c6e,2025-01-04 00:27:23.243243,DE,Paid Search,27
USR_1506,880795f49586d879,299358c6eb19ae96,2025-01-04 17:59:38.378378,TR,Social Media,19
USR_1507,229478a08cc43172,54ee58dcbea08c9b,2025-01-05 11:31:53.513513,UK,Paid Search,28
USR_1508,70dabcd34a0e78cf,2b4256d2b652c830,2025-01-06 05:04:08.648648,TR,Social Media,30
USR_1509,6fedd1221e6c7990,af994203f5cba140,2025-01-06 22:36:23.783783,CH,Referral,27
USR_1510,a3838e265f079c75,1825d9d3a36e5f64,2025-01-07 16:08:38.918918,CH,Referral,31
USR_1511,a837e6eeff91dd6d,149c92d7a3e3b1ea,2025-01-08 09:40:54.054054,NL,Social Media,35
USR_1512,b43b70f4be833a00,6668399a560c9d97,2025-01-09 03:13:09.189189,TR,Email,26
USR_1513,aca4fab084e03b40,fbc0c6d4c57c0692,2025-01-09 20:45:24.324324,UK,Organic,56
USR_1514,d75901d19e71cc31,450bc3a8e0848262,2025-01-10 14:17:39.459459,DE,Organic,45
USR_1515,36bfa82ec707ebea,57a7e1da4f04d27b,2025-01-11 07:49:54.594594,DE,Organic,20
USR_1516,9ca023b0e9907dab,550eedd3e74cbe74,2025-01-12 01:22:09.729729,NL,Social Media,37
USR_1517,8c5b4492d57d85a7,e8970689bbc6d264,2025-01-12 18:54:24.864864,UK,Referral,23
USR_1518,4bfcaeb8a33d8539,d9ce39962b26c745,2025-01-13 12:26:40.000000,TR,Organic,44
USR_1519,000f568b3d079af5,a2d019fbcf1792f6,2025-01-14 05:58:55.135135,DE,Email,19
USR_1520,35d38b28a9c2195c,9e922856e535408c,2025-01-14 23:31:10.270270,CH,Organic,46
USR_1521,2d4918c3eaf2f68d,12fcdaa7d03cbdc9,2025-01-15 17:03:25.405405,NL,Email,55
USR_1522,2631111827dfad1e,199209d5fd0c9086,2025-01-16 10:35:40.540540,TR,Paid Search,20
USR_1523,61868b61c9af19aa,9b9210ed0a63136d,2025-01-17 04:07:55.675675,UK,Organic,33
USR_1524,3d42f1cbfeba8e30,dd1c8964d0f242ad,2025-01-17 21:40:10.810810,UK,Paid Search,47
USR_1525,79345eec144b40a2,c82f204b0f32c667,2025-01-18 15:12:25.945945,NL,Organic,57
USR_1526,2c54fd82b37d2ae7,6a5a5a155231d8f9,2025-01-19 08:44:41.081081,NL,Organic,19
USR_1527,e76a10c30172787f,dd10d5fa24f0bdbb,2025-01-20 02:16:56.216216,DE,Paid Search,34
USR_1528,2b13513281be0aed,f4e89d1a87fb7df8,2025-01-20 19:49:11.351351,DE,Referral,58
USR_1529,0c8cb34ff3aecc00,e5ec9aa7d2425a55,2025-01-21 13:21:26.486486,UK,Paid Search,29
USR_1530,a6ea64f64b256e76,3cbb636c5e1a8a6a,2025-01-22 06:53:41.621621,UK,Paid Search,52
USR_1531,ae0e1c05f78b9578,0e181da0cc091ca3,2025-01-23 00:25:56.756756,TR,Social Media,60
USR_1532,08a119e7935d296b,c2d06ed2be736616,2025-01-23 17:58:11.891891,TR,Social Media,18
USR_1533,1e3951821f116d5a,2af2f3a5bfad1190,2025-01-24 11:30:27.027027,CH,Organic,62
USR_1534,74ac51d5c992c48e,e18dd71d429c41dc,2025-01-25 05:02:42.162162,UK,Paid Search,32
USR_1535,7803c1ee1243c220,ae44fa3eef805487,2025-01-25 22:34:57.297297,TR,Organic,43
USR_1536,1a372d485006dad4,2e5dc6bd22571181,2025-01-26 16:07:12.432432,UK,Organic,54
USR_1537,41497476732f3145,731329af289d60b5,2025-01-27 09:39:27.567567,DE,Social Media,38
USR_1538,b5d8ac2076649014,3d37146405205050,2025-01-28 03:11:42.702702,NL,Organic,48
USR_1539,78ad982d23d6b913,f71815f14d84665a,2025-01-28 20:43:57.837837,DE,Paid Search,42
USR_1540,7a5f8154cd0242af,ac7310f638deab36,2025-01-29 14:16:12.972972,TR,Social Media,40
USR_1541,3d80e6d8370d20f5,0f7ab2c8532aa5e6,2025-01-30 07:48:28.108108,CH,Organic,41
USR_1542,44ade836e1de15ed,375a468ee589551d,2025-01-31 01:20:43.243243,DE,Social Media,55
USR_1543,ed66d3bc04a9f2e8,db241b3eb6d50b65,2025-01-31 18:52:58.378378,CH,Organic,45
USR_1544,bc6daaac4d12c1df,3fe5b21c33861844,2025-02-01 12:25:13.513513,CH,Email,38
USR_1545,9fe709f428018846,910fe7686228d8b8,2025-02-02 05:57:28.648648,NL,Paid Search,60
USR_1546,6168ec85528dc5d0,62ec1dee5ed1b0da,2025-02-02 23:29:43.783783,DE,Referral,35
USR_1547,ede58563e05591cb,28e88daa31a8abab,2025-02-03 17:01:58.918918,CH,Social Media,53
USR_1548,5525aba58daf5611,79b4e586d752be92,2025-02-04 10:34:14.054054,NL,Organic,52
USR_1549,d25a0545384d2720,4dc2f11a751c2dfd,2025-02-05 04:06:29.189189,UK,Social Media,62
USR_1550,06f6e67e2b170742,4e31c158f9b72643,2025-02-05 21:38:44.324324,NL,Email,26
USR_1551,940bfba1e3fafc9d,c16ba4e3fe1c65c0,2025-02-06 15:10:59.459459,UK,Social Media,55
USR_1552,fc6e50308248577a,a0f3f3c8df11c730,2025-02-07 08:43:14.594594,CH,Referral,47
USR_1553,5b9a1ccaf2806284,ff16499a2b2738ff,2025-02-08 02:15:29.729729,CH,Referral,61
USR_1554,2ae43d43117f02a6,12c29c4d97dfdc76,2025-02-08 19:47:44.864864,UK,Organic,51
USR_1555,c5102803205186eb,4cc173abc8e23c9d,2025-02-09 13:20:00.000000,NL,Organic,49
USR_1556,64035261ef8ae367,a796db2a906b00c3,2025-02-10 06:52:15.135135,DE,Social Media,20
USR_1557,1209e9628bca57c9,5861f8f1646fecaa,2025-02-11 00:24:30.270270,DE,Paid Search,20
USR_1558,c6d1e9de4a223068,92d789cef7b0c6f0,2025-02-11 17:56:45.405405,UK,Referral,45
USR_1559,6248f6b412283d4d,c3e0f48b56783cfb,2025-02-12 11:29:00.540540,CH,Email,61
USR_1560,cdd2d68c403c5aca,8839a29463dfe480,2025-02-13 05:01:15.675675,CH,Paid Search,32
USR_1561,3f9956ba6bfb1363,a17842a0b2dc5489,2025-02-13 22:33:30.810810,DE,Organic,58
USR_1562,4e1258f104ab1927,58c3c92354e597f1,2025-02-14 16:05:45.945945,DE,Referral,40
USR_1563,95deb824b298ca6b,a43aa631d2765d21,2025-02-15 09:38:01.081081,DE,Organic,57
USR_1564,016900c81537505d,eccffbfb9672f8a0,2025-02-16 03:10:16.216216,NL,Referral,28
USR_1565,46c54b12a091123b,5f50f4e8718d29d1,2025-02-16 20:42:31.351351,CH,Paid Search,49
USR_1566,198b1d8fadb32169,349ef1c4877f8058,2025-02-17 14:14:46.486486,NL,Social Media,53
USR_1567,0280590707d6ed05,9a477e8e66203bc8,2025-02-18 07:47:01.621621,NL,Organic,50
USR_1568,266c7525d2d9c26d,605a38279ad1cbf2,2025-02-19 01:19:16.756756,TR,Social Media,41
USR_1569,e8101b031241b3a4,35c4ab0b6535dcff,2025-02-19 18:51:31.891891,NL,Paid Search,56
USR_1570,cbbf998e2a249477,3e852dcaeae8d6dc,2025-02-20 12:23:47.027027,NL,Social Media,51
USR_1571,a9ca1e2ce9ac12cb,96b2370cbc776cdf,2025-02-21 05:56:02.162162,UK,Organic,45
USR_1572,187dcb3588111998,285f5e97726f5cc9,2025-02-21 23:28:17.297297,NL,Social Media,54
USR_1573,8c9963d0ceaba8f1,6f1ab9a323a727c3,2025-02-22 17:00:32.432432,CH,Referral,24
USR_1574,e443469aede86e2b,25194687330bf1df,2025-02-23 10:32:47.567567,UK,Organic,21
USR_1575,03d3d2a66af603a9,37b6b44ecb36aa97,2025-02-24 04:05:02.702702,TR,Organic,54
USR_1576,4e1191ae4d031eb7,8e5a5d78a98800f0,2025-02-24 21:37:17.837837,DE,Organic,18
USR_1577,b8b4f591d37c8aa1,306b02141f74d298,2025-02-25 15:09:32.972972,TR,Social Media,18
USR_1578,0c899df684db46ce,9306da6fb4abc2aa,2025-02-26 08:41:48.108108,NL,Social Media,64
USR_1579,981584a9085afdc3,332ec5ca7c1d06c3,2025-02-27 02:14:03.243243,DE,Paid Search,37
USR_1580,36cc980b94f4615a,79e8228322da638b,2025-02-27 19:46:18.378378,NL,Organic,36
USR_1581,f990aa473ec41c68,22b4bf9c191babef,2025-02-28 13:18:33.513513,TR,Paid Search,46
USR_1582,149e244b5274331d,b1af127bef482e63,2025-03-01 06:50:48.648648,NL,Social Media,27
USR_1583,4078bd93fb22cd6d,0a68d5cd11e88b3c,2025-03-02 00:23:03.783783,NL,Paid Search,35
USR_1584,9389179ea363d614,fceedaef09276d4f,2025-03-02 17:55:18.918918,CH,Email,45
USR_1585,ed59c690fdadc87b,5621a9bbeb5e8798,2025-03-03 11:27:34.054054,DE,Organic,52
USR_1586,c4df1e62bcf532bd,6056dee837ce1fd6,2025-03-04 04:59:49.189189,DE,Social Media,60
USR_1587,ffda1d58bd9261e9,a6e473742f229235,2025-03-04 22:32:04.324324,DE,Paid Search,64
USR_1588,111b81c5cfa2442a,6d81696f953199e6,2025-03-05 16:04:19.459459,DE,Paid Search,48
USR_1589,9d810f2251b27af4,6c0b1de1f068c948,2025-03-06 09:36:34.594594,DE,Social Media,44
USR_1590,08bcd264f0f28dfa,57749af53da7f80a,2025-03-07 03:08:49.729729,DE,Social Media,28
USR_1591,29dbc5b03410655c,9d4f5cf1893fbb09,2025-03-07 20:41:04.864864,CH,Email,55
USR_1592,82951c232003992e,ee0cb8bcda0b324c,2025-03-08 14:13:20.000000,DE,Organic,22
USR_1593,3ca6ef0729ce3ac1,76de7f632c84cdb2,2025-03-09 07:45:35.135135,NL,Organic,25
USR_1594,1d11e5ed0fb20647,fac6ffaed722f3eb,2025-03-10 01:17:50.270270,UK,Social Media,51
USR_1595,de42a9c8c8efaede,19ebf96d2ca110c4,2025-03-10 18:50:05.405405,NL,Social Media,29
USR_1596,e9632c5435d53c2d,c842198759f15b15,2025-03-11 12:22:20.540540,CH,Organic,55
USR_1597,9f52e0da8ddc952f,c9e4b7955c94b3ad,2025-03-12 05:54:35.675675,DE,Organic,18
USR_1598,4c627d917e65c3b3,951030f311d397a9,2025-03-12 23:26:50.810810,DE,Organic,48
USR_1599,b8b4d990e0d9bf56,8ac780611b1a3208,2025-03-13 16:59:05.945945,DE,Referral,21
USR_1600,9b5aad5b7bb999ec,06b731ce20aae90d,2025-03-14 10:31:21.081081,DE,Organic,62
USR_1601,0bbe1e7126b8e923,b68d798db93efdc9,2025-03-15 04:03:36.216216,DE,Paid Search,22
USR_1602,d112702499dfba06,a28645e63c407463,2025-03-15 21:35:51.351351,DE,Organic,47
USR_1603,6aa5eced80285c77,a908183c8b45e749,2025-03-16 15:08:06.486486,DE,Paid Search,41
USR_1604,8aa251ba23076b24,ad1411d4f48f3a16,2025-03-17 08:40:21.621621,DE,Organic,20
USR_1605,c593e9672ab096e9,f8d170931eba07a2,2025-03-18 02:12:36.756756,NL,Paid Search,28
USR_1606,77bba43f8dd85f49,358b832077037ee4,2025-03-18 19:44:51.891891,DE,Organic,62
USR_1607,e63d00c8ed70de5d,59109b8c5987636b,2025-03-19 13:17:07.027027,NL,Referral,21
USR_1608,ee57a4a4ae9ce87f,72eb3d24ba5772cf,2025-03-20 06:49:22.162162,NL,Organic,43
USR_1609,cb99ae4c00246f47,8cc3b23ab5ac8394,2025-03-21 00:21:37.297297,CH,Paid Search,44
USR_1610,6a91e810c679834d,ccec4aaf2eaa0632,2025-03-21 17:53:52.432432,DE,Referral,63
USR_1611,9cafe534c34b3f05,4461a7a8e01932d4,2025-03-22 11:26:07.567567,UK,Social Media,60
USR_1612,c4043490810a7000,247fa3b239b1466a,2025-03-23 04:58:22.702702,CH,Paid Search,44
USR_1613,c44db81f935598b0,087d16f356a69cc6,2025-03-23 22:30:37.837837,DE,Paid Search,59
USR_1614,feeadc088184892a,b4eac2f5ed5de6fb,2025-03-24 16:02:52.972972,UK,Paid Search,23
USR_1615,fee527768975dacc,0537ff2becd5cfa0,2025-03-25 09:35:08.108108,TR,Social Media,32
USR_1616,447a87bf57e2ce63,9d8f14ce3e750248,2025-03-26 03:07:23.243243,DE,Email,47
USR_1617,b679d14298bdd7d4,a7a6899d742525f6,2025-03-26 20:39:38.378378,DE,Social Media,59
USR_1618,1c404cc1b16d50a6,d2d57b3c11b32d38,2025-03-27 14:11:53.513513,UK,Social Media,54
USR_1619,735e2efc7c488cba,40cb5f8a7203bc12,2025-03-28 07:44:08.648648,CH,Social Media,54
USR_1620,fa36a6fad41c94c9,7e862c293ab486c0,2025-03-29 01:16:23.783783,DE,Paid Search,59
USR_1621,fcb3c0490fe09729,05e96a56e801e683,2025-03-29 18:48:38.918918,DE,Organic,54
USR_1622,f66c1a75e9b7682a,fb99ba2244538cd8,2025-03-30 12:20:54.054054,NL,Social Media,52
USR_1623,b0a032a2a5bb128a,e85a0d6e67f1d9bf,2025-03-31 05:53:09.189189,NL,Email,40
USR_1624,edf78b1e9db2b00f,9ae6d87fc53c6abb,2025-03-31 23:25:24.324324,CH,Organic,23
USR_1625,d24ab9c6e0c5c90e,124fa3ef6b0eb34c,2025-04-01 16:57:39.459459,NL,Social Media,21
USR_1626,754d2380709176c8,5938b4b47a99812a,2025-04-02 10:29:54.594594,NL,Organic,35
USR_1627,cf8c0368f5b2956b,0e4510a79accc3fc,2025-04-03 04:02:09.729729,CH,Paid Search,26
USR_1628,11e91a05139dc2dd,fe74e89a9158d664,2025-04-03 21:34:24.864864,DE,Organic,46
USR_1629,cd44f7ab5a4261e6,8f45787ae6cb88af,2025-04-04 15:06:40.000000,DE,Paid Search,30
USR_1630,f9991072a057bfd3,e5eec18576933681,2025-04-05 08:38:55.135135,CH,Referral,64
USR_1631,c0fe3b7363a811ab,f75ad230c86921f0,2025-04-06 02:11:10.270270,UK,Paid Search,34
USR_1632,6fdeea165de9b58d,539887f870949b1e,2025-04-06 19:43:25.405405,NL,Social Media,62
USR_1633,19a636ea629a5a12,6c3db7830026cd92,2025-04-07 13:15:40.540540,NL,Referral,49
USR_1634,a864782108e1f27f,114d8fd9eca047e7,2025-04-08 06:47:55.675675,DE,Email,39
USR_1635,5b35702fc333d648,e54af3fe5c448b50,2025-04-09 00:20:10.810810,NL,Organic,21
USR_1636,3472d4bca267ae0e,f4806c64d25ef4bf,2025-04-09 17:52:25.945945,NL,Paid Search,22
USR_1637,9c7e8bf158dbe0b4,0d7de17e0cd5f690,2025-04-10 11:24:41.081081,DE,Organic,54
USR_1638,f362ff777ad19f7f,f89d3118ccd9539d,2025-04-11 04:56:56.216216,DE,Email,58
USR_1639,0024812b0bb1db78,9f4618e818340cf3,2025-04-11 22:29:11.351351,NL,Email,30
USR_1640,8554106b91fd2825,121f9d8b53c1fa0f,2025-04-12 16:01:26.486486,DE,Paid Search,51
USR_1641,dfc7c73966c5c4e0,8c8c05706b44bafb,2025-04-13 09:33:41.621621,NL,Referral,62
USR_1642,6600cb85b919bdaf,46efbcec29c2a326,2025-04-14 03:05:56.756756,DE,Paid Search,39
USR_1643,542f5384ec5cad7a,7346ea24649f651b,2025-04-14 20:38:11.891891,NL,Social Media,40
USR_1644,9a0080e29180b193,d3626cc1e7b16003,2025-04-15 14:10:27.027027,DE,Organic,20
USR_1645,5bfb836b708ade6c,398281aa8dfee003,2025-04-16 07:42:42.162162,UK,Referral,59
USR_1646,9988972b3cf096ca,6f9c322a2c477e7a,2025-04-17 01:14:57.297297,CH,Organic,51
USR_1647,f077dac07e92cd5e,6e55b32cf12b1ee4,2025-04-17 18:47:12.432432,CH,Referral,49
USR_1648,7e0faaa5e5e3b312,c7b5b4e3d41c8f57,2025-04-18 12:19:27.567567,UK,Referral,62
USR_1649,448466fa221d29a4,d2c91cfe15e6222c,2025-04-19 05:51:42.702702,NL,Social Media,38
USR_1650,f2aa9472df45666e,a96ec7a811e4b11b,2025-04-19 23:23:57.837837,DE,Organic,63
USR_1651,93e9094e735a6b90,ecf5b767b2ec326a,2025-04-20 16:56:12.972972,NL,Paid Search,61
USR_1652,6d7b0700db99f631,56ed8f1f31b53525,2025-04-21 10:28:28.108108,CH,Organic,38
USR_1653,b097393f5ad6b494,c582cb8c4e9306e3,2025-04-22 04:00:43.243243,CH,Paid Search,61
USR_1654,c925668d6427f84f,0b96ab43224c9d33,2025-04-22 21:32:58.378378,NL,Organic,28
USR_1655,023792fc58f87165,c0bd5906dbb08b22,2025-04-23 15:05:13.513513,DE,Email,56
USR_1656,c6d750a181da7f0c,ad90e1a50f198da4,2025-04-24 08:37:28.648648,DE,Social Media,21
USR_1657,4ce12b022d9bce0f,03cfabce8dc822bb,2025-04-25 02:09:43.783783,NL,Paid Search,18
USR_1658,6d3f729c05ad6bfa,a140a2c107babac9,2025-04-25 19:41:58.918918,CH,Paid Search,45
USR_1659,b7d4bd79ac5ecf76,72b46c5433afd3c9,2025-04-26 13:14:14.054054,CH,Paid Search,41
USR_1660,e3b9f0ec2ad2d18f,a560feebbb89fdaa,2025-04-27 06:46:29.189189,NL,Social Media,52
USR_1661,3375b0b12b2c384b,b1bf18944b476592,2025-04-28 00:18:44.324324,TR,Paid Search,30
USR_1662,917617d9ac8eb573,26f2f3e87bf15b77,2025-04-28 17:50:59.459459,CH,Email,64
USR_1663,c3f8a6e76e17a35d,6a5e143dcd8760d1,2025-04-29 11:23:14.594594,DE,Paid Search,51
USR_1664,7f7031e9649b8c93,474e47d368130c4b,2025-04-30 04:55:29.729729,DE,Email,28
USR_1665,6b1b879c6208fef8,f61560e28d849bcb,2025-04-30 22:27:44.864864,DE,Referral,53
USR_1666,88950353fbacec81,c2563e75f927c498,2025-05-01 16:00:00.000000,DE,Organic,34
USR_1667,675c8b6aae65cf3f,2cc088cdd0b30a00,2025-05-02 09:32:15.135135,DE,Email,52
USR_1668,d0cc071376a9c369,188cca54a9637b62,2025-05-03 03:04:30.270270,DE,Organic,35
USR_1669,0e3ce1051a8da61e,581f211cb15a9641,2025-05-03 20:36:45.405405,DE,Referral,57
USR_1670,4e6c21d4b7a77032,ba6643c9ee6e51a6,2025-05-04 14:09:00.540540,DE,Paid Search,39
USR_1671,1a195cd698ae5031,d9de17ccc385537c,2025-05-05 07:41:15.675675,UK,Referral,41
USR_1672,f06875d5a8cd232f,8bb68be5bb228c55,2025-05-06 01:13:30.810810,DE,Referral,36
USR_1673,8345f32cb4f3857b,5325cf116ff6d005,2025-05-06 18:45:45.945945,NL,Referral,54
USR_1674,edfc9fc2e391b1ea,8297aafea293a9a4,2025-05-07 12:18:01.081081,NL,Referral,56
USR_1675,13ca719328ac8cac,f8c68d6a0d9211bc,2025-05-08 05:50:16.216216,TR,Paid Search,38
USR_1676,2f007f2e1f553229,dbeb46170ca84dd7,2025-05-08 23:22:31.351351,DE,Organic,25
USR_1677,a431cd672767d834,cfe287ee7b4994a1,2025-05-09 16:54:46.486486,NL,Paid Search,45
USR_1678,5345523829329f40,5ca922f9ac255673,2025-05-10 10:27:01.621621,TR,Organic,22
USR_1679,059a28b9d1adde90,cc9bdb1ce772d8d9,2025-05-11 03:59:16.756756,UK,Social Media,34
USR_1680,4afcc10690608036,999e6d96f86d819c,2025-05-11 21:31:31.891891,UK,Paid Search,54
USR_1681,04b41e3f0d911c7d,2cf89c38491ecf2b,2025-05-12 15:03:47.027027,DE,Email,53
USR_1682,0db24c7ce0b494dd,e05db0827242de9b,2025-05-13 08:36:02.162162,DE,Social Media,36
USR_1683,645bb5f3b6a7ca93,861144d65dcd1e78,2025-05-14 02:08:17.297297,CH,Referral,44
USR_1684,bfd65d69b1d25597,ce2c6c19fa30d372,2025-05-14 19:40:32.432432,TR,Organic,51
USR_1685,3f9fe9dc68b0638e,b0388463538ba626,2025-05-15 13:12:47.567567,CH,Referral,28
USR_1686,dc6666006eccbab0,f5efad8db602bcd5,2025-05-16 06:45:02.702702,CH,Email,62
USR_1687,4da6262df8b2ea12,702cf272029fbe4d,2025-05-17 00:17:17.837837,DE,Paid Search,64
USR_1688,aaa711d155276def,5975515a93f586d4,2025-05-17 17:49:32.972972,UK,Social Media,29
USR_1689,af71416130ce1ebd,cbfe01e68c04de65,2025-05-18 11:21:48.108108,DE,Referral,38
USR_1690,4d3ee79c6e101559,7c0b41f3a8acf9ee,2025-05-19 04:54:03.243243,NL,Organic,28
USR_1691,0820fa77ca93378a,aef444cfc932bf10,2025-05-19 22:26:18.378378,NL,Paid Search,56
USR_1692,2512c1fc31be363f,2f55cda54f451c18,2025-05-20 15:58:33.513513,NL,Paid Search,45
USR_1693,e2c244632924f2ca,a60f460b58050a1e,2025-05-21 09:30:48.648648,DE,Organic,22
USR_1694,5740ebfc86ab5121,6b6deb40b5fe1941,2025-05-22 03:03:03.783783,DE,Paid Search,34
USR_1695,e8aa5fa36d614b93,1b964ffcfcc62b1d,2025-05-22 20:35:18.918918,CH,Organic,37
USR_1696,66dd3b676c308ca3,89fad61163a0dc64,2025-05-23 14:07:34.054054,DE,Organic,58
USR_1697,3319070c53304f2f,64f1e2d95bc8c314,2025-05-24 07:39:49.189189,CH,Organic,63
USR_1698,9c6347eed04e678f,3d576ffdd3c0cbdd,2025-05-25 01:12:04.324324,DE,Email,29
USR_1699,99dcd69dff004983,110ec2b665efa77b,2025-05-25 18:44:19.459459,NL,Paid Search,23
USR_1700,b65a9da1481148ca,67a84946c8d8467e,2025-05-26 12:16:34.594594,NL,Email,34
USR_1701,7de6a0cbe8c2c268,390113254d4abff4,2025-05-27 05:48:49.729729,DE,Paid Search,36
USR_1702,e9fd0b8012a2cf27,6234b01d9e94b724,2025-05-27 23:21:04.864864,NL,Paid Search,43
USR_1703,850f6271df2d0855,4d150b05f4a3b73c,2025-05-28 16:53:20.000000,DE,Paid Search,61
USR_1704,adca9e08705167ef,baa543091845d836,2025-05-29 10:25:35.135135,DE,Paid Search,61
USR_1705,ed4b1616d42ebc54,5b3a7aca4c91390d,2025-05-30 03:57:50.270270,TR,Organic,49
USR_1706,f261022d0e66d4bb,b18c768a89badfc7,2025-05-30 21:30:05.405405,NL,Social Media,23
USR_1707,0e721b9e3111085b,0e8c82b3991719bb,2025-05-31 15:02:20.540540,UK,Organic,53
USR_1708,65421d21c840a953,7f42f1de5dc7ae4f,2025-06-01 08:34:35.675675,DE,Social Media,55
USR_1709,cba72f073e90f4cd,266a3b83ee1a3659,2025-06-02 02:06:50.810810,CH,Social Media,28
USR_1710,611f21d41ec05d8f,b6f0a246ea991ae2,2025-06-02 19:39:05.945945,UK,Organic,50
USR_1711,38068bab2719d176,1ae50f56b5e40902,2025-06-03 13:11:21.081081,CH,Organic,41
USR_1712,875e9048c22a96d2,b59f7543a0cc3d63,2025-06-04 06:43:36.216216,NL,Referral,40
USR_1713,128bbc544987e96e,dfef0e4a69356c79,2025-06-05 00:15:51.351351,NL,Paid Search,32
USR_1714,40a77ef49d800efe,e74ca5d576b92510,2025-06-05 17:48:06.486486,NL,Organic,44
USR_1715,7d505fab185d11a0,8a203e2bf3454fda,2025-06-06 11:20:21.621621,TR,Email,28
USR_1716,2c5e7c41f9482071,7bf2b0d0b92600f2,2025-06-07 04:52:36.756756,UK,Organic,34
USR_1717,3e61249675b88632,bf8b16a996376a71,2025-06-07 22:24:51.891891,TR,Social Media,31
USR_1718,6f38716fc0598d20,3bf73709f17781f4,2025-06-08 15:57:07.027027,DE,Email,44
USR_1719,aa33941d63e9c427,7db721f67a4a04e8,2025-06-09 09:29:22.162162,CH,Organic,35
USR_1720,6e91736bd9cae7e4,aec11b8ea01b57b1,2025-06-10 03:01:37.297297,TR,Organic,45
USR_1721,7134ccf3e5e36862,8bf37ea0ac8a5805,2025-06-10 20:33:52.432432,DE,Organic,64
USR_1722,141789d9d9aaab7b,33e09f3dc4859e7c,2025-06-11 14:06:07.567567,DE,Paid Search,64
USR_1723,d4041f06875807f2,5e2ad18ed6dcb489,2025-06-12 07:38:22.702702,CH,Organic,21
USR_1724,5710fd30af223567,ece0737e4547f997,2025-06-13 01:10:37.837837,CH,Social Media,24
USR_1725,97ce5567e5f25e20,717cc5b753bdf3fe,2025-06-13 18:42:52.972972,UK,Organic,62
USR_1726,64e58d58c9c71bf3,0f8b4bb7e3a29c47,2025-06-14 12:15:08.108108,DE,Paid Search,52
USR_1727,71ef5782127b9a59,2d2f341b78e2183e,2025-06-15 05:47:23.243243,UK,Email,26
USR_1728,d43f290e5d9c830b,23c7d803987358b9,2025-06-15 23:19:38.378378,DE,Referral,25
USR_1729,562637fb7066c91d,9b804a3297a18622,2025-06-16 16:51:53.513513,DE,Social Media,62
USR_1730,e4ff7ea5b99de469,7c842ebf479508e5,2025-06-17 10:24:08.648648,DE,Paid Search,34
USR_1731,a18befffbbc7d106,ac7d57a9f1353e90,2025-06-18 03:56:23.783783,UK,Social Media,34
USR_1732,0277cb496c22d206,1bbf49eb83f40ad8,2025-06-18 21:28:38.918918,CH,Paid Search,50
USR_1733,73c1acde1ea5271f,c8a32c9f7e88698c,2025-06-19 15:00:54.054054,NL,Paid Search,49
USR_1734,3203d4d9585bb73d,4e72b9c3c8307f24,2025-06-20 08:33:09.189189,NL,Organic,25
USR_1735,e1703ceaaca4beb2,5105c5b4575b0287,2025-06-21 02:05:24.324324,UK,Referral,36
USR_1736,ee609424a5bf09bf,5f8cec866677be20,2025-06-21 19:37:39.459459,NL,Paid Search,55
USR_1737,05a1fcd207a8ce3e,bb2d84d291c457cf,2025-06-22 13:09:54.594594,UK,Organic,20
USR_1738,7c9ccb8615fc35d5,4ab58ccc1560a7ac,2025-06-23 06:42:09.729729,NL,Paid Search,22
USR_1739,f979207883104d87,d021011268422436,2025-06-24 00:14:24.864864,NL,Paid Search,30
USR_1740,0e64f462acb9b3ac,401b38dcd44a340b,2025-06-24 17:46:40.000000,NL,Referral,64
USR_1741,792f4799525be387,dc3048f317ba6a4f,2025-06-25 11:18:55.135135,NL,Social Media,63
USR_1742,46f376ac54eb65c3,8366051abb7559ef,2025-06-26 04:51:10.270270,CH,Referral,48
USR_1743,abe48e95d3366718,cfca686af72b641d,2025-06-26 22:23:25.405405,NL,Organic,33
USR_1744,6dc4ce2cf8a0c26b,2eb61c84d989c032,2025-06-27 15:55:40.540540,DE,Paid Search,49
USR_1745,b4f25a3793ee1f93,36f9662404d979da,2025-06-28 09:27:55.675675,UK,Paid Search,39
USR_1746,aa1552e134147f48,6a34e31ae4aa8fc3,2025-06-29 03:00:10.810810,NL,Organic,46
USR_1747,67c029322c084d3b,64db178b5800694e,2025-06-29 20:32:25.945945,NL,Organic,39
USR_1748,81eed9f6346477fd,90282116c5278685,2025-06-30 14:04:41.081081,TR,Referral,60
USR_1749,49541f2732ef1693,6ac2df53cac9bfd5,2025-07-01 07:36:56.216216,CH,Organic,20
USR_1750,bb8f486efb91362e,00ac084e10171b0a,2025-07-02 01:09:11.351351,DE,Paid Search,27
USR_1751,6fd682a0a7bc9f33,5e4ddcb863a56d9b,2025-07-02 18:41:26.486486,TR,Organic,59
USR_1752,d5195cedb3cad50c,2cc9fd493960de7b,2025-07-03 12:13:41.621621,CH,Organic,38
USR_1753,8c4a9eaa5b0bf194,94e2e35ac76c3ca1,2025-07-04 05:45:56.756756,NL,Organic,33
USR_1754,a8294a8a4e41112d,8c4f1c6fea1ccb63,2025-07-04 23:18:11.891891,DE,Email,29
USR_1755,d7854128fd28efa2,a23fd96b441af0fe,2025-07-05 16:50:27.027027,UK,Referral,19
USR_1756,234ddc2a4411c497,f6435288f1f70ee5,2025-07-06 10:22:42.162162,CH,Email,58
USR_1757,908dff9fbe208362,9db5ddfcf56df685,2025-07-07 03:54:57.297297,NL,Paid Search,41
USR_1758,84821b8c86063e48,9917279d83c83ed1,2025-07-07 21:27:12.432432,UK,Organic,52
USR_1759,2c9768e7c1d0843c,e8ffd0d91cd2ab76,2025-07-08 14:59:27.567567,UK,Paid Search,47
USR_1760,d283c33abcc2c811,49abe1c9822ba3c6,2025-07-09 08:31:42.702702,DE,Paid Search,47
USR_1761,9def9c0f0349db44,d0db70ad738445cb,2025-07-10 02:03:57.837837,NL,Referral,64
USR_1762,63eab94b381abb65,b399e1de73b41c27,2025-07-10 19:36:12.972972,DE,Organic,52
USR_1763,d6cb30caf245d084,f9c80c85a6a885de,2025-07-11 13:08:28.108108,CH,Paid Search,36
USR_1764,a041f791ca9f44b5,4e725fd2707711ca,2025-07-12 06:40:43.243243,DE,Organic,25
USR_1765,1adfd84cc6edd3bf,71d577ec7efae738,2025-07-13 00:12:58.378378,CH,Paid Search,43
USR_1766,5ac736f482b15a9d,c8c51abb80455727,2025-07-13 17:45:13.513513,UK,Social Media,57
USR_1767,3594cc1db2773993,3268820f6b3075f4,2025-07-14 11:17:28.648648,UK,Paid Search,24
USR_1768,e9c81453c5a4b14a,4fcf83a95aaf3538,2025-07-15 04:49:43.783783,NL,Paid Search,47
USR_1769,2e2a70e854b65545,9a3a05012e8af987,2025-07-15 22:21:58.918918,UK,Paid Search,24
USR_1770,ae5a17c9742817e3,f01e1bd207ec21d5,2025-07-16 15:54:14.054054,DE,Paid Search,20
USR_1771,d6ea16d459f405d7,bc8e0e18c200bd6d,2025-07-17 09:26:29.189189,UK,Referral,18
USR_1772,c83d254568efd5dc,3e2b88ceecb9d88b,2025-07-18 02:58:44.324324,DE,Referral,53
USR_1773,02980010a43812d6,d1eaac7801339871,2025-07-18 20:30:59.459459,NL,Email,42
USR_1774,79b3314e46561b0f,386ff503dd91536b,2025-07-19 14:03:14.594594,UK,Referral,54
USR_1775,6b29dda92b3a5487,5bc211c5d2424a6f,2025-07-20 07:35:29.729729,DE,Paid Search,18
USR_1776,45e86c495f2bac55,9cc5f11c135739e3,2025-07-21 01:07:44.864864,DE,Social Media,32
USR_1777,604fd57e89a30906,88920df89350d9ab,2025-07-21 18:40:00.000000,CH,Paid Search,54
USR_1778,c9fa21cb952c4cc7,464f8d3f8e513877,2025-07-22 12:12:15.135135,CH,Organic,30
USR_1779,3c3ebba375976a2c,9d496ccefe4ad2f9,2025-07-23 05:44:30.270270,CH,Referral,57
USR_1780,d0970cf716c6c656,633eba4e01d6352c,2025-07-23 23:16:45.405405,CH,Organic,25
USR_1781,e4b42850102ce990,5fac205b44dd501a,2025-07-24 16:49:00.540540,NL,Email,22
USR_1782,7f0e0595c35177db,7c32eb71ec0ca8d8,2025-07-25 10:21:15.675675,DE,Paid Search,26
USR_1783,7517522766b018f6,e9e8c4c7dfcf1066,2025-07-26 03:53:30.810810,NL,Social Media,18
USR_1784,dea874597730929c,fbf9d963f2aa6173,2025-07-26 21:25:45.945945,DE,Social Media,53
USR_1785,6a16225db8d5a93e,55661641a85470c1,2025-07-27 14:58:01.081081,TR,Referral,52
USR_1786,01f840351319b897,6eb171c35a1c7f45,2025-07-28 08:30:16.216216,CH,Social Media,19
USR_1787,c8446ba2641f0fcd,b9f53d61dee4b772,2025-07-29 02:02:31.351351,NL,Social Media,57
USR_1788,db74e4ea3b247423,b26604c0cdf86b73,2025-07-29 19:34:46.486486,NL,Organic,40
USR_1789,9c0f425a2c02a9ad,3990ed03749b86e3,2025-07-30 13:07:01.621621,TR,Paid Search,26
USR_1790,9983888b85af406a,a7b72f0378373d8e,2025-07-31 06:39:16.756756,DE,Organic,51
USR_1791,582f4f039be3771b,f376fa785bf35c45,2025-08-01 00:11:31.891891,CH,Social Media,63
USR_1792,d831026e29857fb2,116776b812d9a582,2025-08-01 17:43:47.027027,NL,Paid Search,31
USR_1793,310433ac0d373bb9,38fc93817147a3b4,2025-08-02 11:16:02.162162,CH,Social Media,21
USR_1794,6c32ec8ff1758834,ba0347124e3dda9d,2025-08-03 04:48:17.297297,DE,Organic,47
USR_1795,a53da430ea0253df,142c046b873f6f97,2025-08-03 22:20:32.432432,UK,Organic,48
USR_1796,09124c8d8e549da6,34f9ec5b7359e46e,2025-08-04 15:52:47.567567,TR,Social Media,55
USR_1797,331d16d38521226a,05155b3aa06c9296,2025-08-05 09:25:02.702702,CH,Organic,28
USR_1798,62cc2b10993ef4c0,5cc97a0f20d1a007,2025-08-06 02:57:17.837837,CH,Organic,52
USR_1799,829fcc325d9408c0,3027bfa2398b3b1f,2025-08-06 20:29:32.972972,TR,Organic,25
USR_1800,7f96839bcd054f9f,fb7ae618721349e0,2025-08-07 14:01:48.108108,CH,Email,20
USR_1801,5da7c99d2442eb73,d154c9726975eb7f,2025-08-08 07:34:03.243243,DE,Social Media,31
USR_1802,ce1e7a35b46d8aff,664b9790c7ffe46b,2025-08-09 01:06:18.378378,CH,Paid Search,30
USR_1803,6cd21ca16c475f93,b557874488c6dda5,2025-08-09 18:38:33.513513,CH,Organic,62
USR_1804,102f27ecabd8deab,8d76902c65fee1f2,2025-08-10 12:10:48.648648,NL,Paid Search,49
USR_1805,e210a6d349056c16,700696ece5abb25e,2025-08-11 05:43:03.783783,CH,Referral,51
USR_1806,8cac7594d06b66b0,6043761fe66eb909,2025-08-11 23:15:18.918918,TR,Social Media,62
USR_1807,32d0f2724f75afc1,2f1ab2db27b5ba9d,2025-08-12 16:47:34.054054,TR,Organic,36
USR_1808,a17eb0aa27f254bd,079dd650a5437949,2025-08-13 10:19:49.189189,NL,Organic,55
USR_1809,472eb8caf55076be,0fc95d16157b2a5c,2025-08-14 03:52:04.324324,DE,Organic,33
USR_1810,64aadccbeb2b349c,e4f8d7ff1199f1d3,2025-08-14 21:24:19.459459,TR,Social Media,19
USR_1811,55b16fa72c979d30,7d21d948dc9c2be5,2025-08-15 14:56:34.594594,UK,Referral,57
USR_1812,823ab2e433ac907d,96f4342a4c3e650e,2025-08-16 08:28:49.729729,DE,Organic,34
USR_1813,c9814bfcfae6279b,1c3fddbe5525ed59,2025-08-17 02:01:04.864864,TR,Organic,51
USR_1814,3178347cf3fe4fb7,adc5c1147c42299e,2025-08-17 19:33:20.000000,UK,Organic,59
USR_1815,728b262a6845e3a4,87c8e1ee3a639e7c,2025-08-18 13:05:35.135135,NL,Email,33
USR_1816,88afc7462b54c8b6,47a5983f4e59c760,2025-08-19 06:37:50.270270,CH,Organic,55
USR_1817,28a81f3ca7d72590,55cff973ad9ff16b,2025-08-20 00:10:05.405405,NL,Referral,19
USR_1818,1691da567f03d8eb,4d75ed6536cc433e,2025-08-20 17:42:20.540540,DE,Social Media,19
USR_1819,c4c9a018497bd9a8,c758a90b713fe88c,2025-08-21 11:14:35.675675,NL,Paid Search,43
USR_1820,eb472249af3c44ab,d4236914bd230770,2025-08-22 04:46:50.810810,UK,Organic,30
USR_1821,be16a0ac6142ea1a,8c08bd05d690d995,2025-08-22 22:19:05.945945,DE,Organic,64
USR_1822,2fc65c0e1dc221c2,095d8621d6f69dc4,2025-08-23 15:51:21.081081,NL,Social Media,48
USR_1823,7f1a18c87adb2aba,d861f208bf020730,2025-08-24 09:23:36.216216,NL,Referral,51
USR_1824,a0cf5be73f581021,f41b85a32e040595,2025-08-25 02:55:51.351351,NL,Social Media,56
USR_1825,e3c40f36ba49b14d,fe12edf694c42aaf,2025-08-25 20:28:06.486486,TR,Paid Search,20
USR_1826,f7ef143191738ad1,b018d3840a0510e4,2025-08-26 14:00:21.621621,NL,Organic,25
USR_1827,25ad76dbd9f7eedd,3a09a48f847229d8,2025-08-27 07:32:36.756756,NL,Email,40
USR_1828,497f35acd3d45be0,885a18dab334b240,2025-08-28 01:04:51.891891,CH,Referral,31
USR_1829,3946387169dc8311,e5c3e3b9678365fa,2025-08-28 18:37:07.027027,NL,Organic,44
USR_1830,3a6f0900c6dddce0,c9605f512775f35d,2025-08-29 12:09:22.162162,DE,Email,46
USR_1831,978d9cb3df511213,506fac7465735ad6,2025-08-30 05:41:37.297297,NL,Social Media,56
USR_1832,4f4aac0a88c07358,e6c703105ba7f3de,2025-08-30 23:13:52.432432,DE,Social Media,56
USR_1833,d0750eac9e6ec09f,7a940a75cbd5394a,2025-08-31 16:46:07.567567,DE,Social Media,18
USR_1834,e135ee41da3cb56c,a18865c809edcc62,2025-09-01 10:18:22.702702,NL,Referral,34
USR_1835,2610551712367f0f,a1efedc11aa0b726,2025-09-02 03:50:37.837837,NL,Social Media,58
USR_1836,a53c7595aa33e4ee,c7b42975f8d2ab08,2025-09-02 21:22:52.972972,TR,Organic,47
USR_1837,fdc1cae32e429583,78b9e490bbc4bb11,2025-09-03 14:55:08.108108,NL,Paid Search,30
USR_1838,5c18d9453134a294,1bc618146b40ccd1,2025-09-04 08:27:23.243243,CH,Email,38
USR_1839,564dcad361cfd4a6,1d6774182b9b943a,2025-09-05 01:59:38.378378,CH,Organic,36
USR_1840,9196d8d0b8d84a3c,492c4f8704cef9fd,2025-09-05 19:31:53.513513,DE,Paid Search,36
USR_1841,fe166e1c1e5770cc,c162b8b6d4be3e78,2025-09-06 13:04:08.648648,CH,Paid Search,42
USR_1842,ab9ced698c3d33f7,e7014839763176ac,2025-09-07 06:36:23.783783,DE,Paid Search,39
USR_1843,30893c12c799bf53,23a957cb99cddf88,2025-09-08 00:08:38.918918,TR,Social Media,48
USR_1844,2a4884dff27b63a5,819382bf2063ab9e,2025-09-08 17:40:54.054054,DE,Email,34
USR_1845,bce7e00feab17a2d,fa045cd61287349f,2025-09-09 11:13:09.189189,NL,Organic,40
USR_1846,017a864e6e4e54bc,50008b42b16fd417,2025-09-10 04:45:24.324324,DE,Organic,49
USR_1847,9145d801e5aa1108,e3234d3ff06b8c54,2025-09-10 22:17:39.459459,TR,Organic,27
USR_1848,ca6dd5f828c01320,e15726b6fb269c56,2025-09-11 15:49:54.594594,NL,Referral,27
USR_1849,005f4783170c4ad2,6ee1abb4c772480b,2025-09-12 09:22:09.729729,CH,Social Media,53
USR_1850,34874db6a179d976,836bf3d7e199dd85,2025-09-13 02:54:24.864864,DE,Organic,25
USR_1851,9c1f57bb35fb77ba,cf395df783c1efed,2025-09-13 20:26:40.000000,CH,Referral,37
USR_1852,9219834299d38702,ef7de2abb1d405e5,2025-09-14 13:58:55.135135,DE,Referral,49
USR_1853,1c7c3f716534f779,b5eeb3044aa06090,2025-09-15 07:31:10.270270,UK,Referral,31
USR_1854,c549c70ba8a3d3aa,90e52325bb37b25a,2025-09-16 01:03:25.405405,DE,Email,45
USR_1855,8d3bc3237b528798,72f1ba5c0d17fd31,2025-09-16 18:35:40.540540,DE,Organic,63
USR_1856,39c773f5a05780a5,569ee1718bb0a82b,2025-09-17 12:07:55.675675,DE,Referral,41
USR_1857,896e7aaf12299082,656c2cbe45d3b46a,2025-09-18 05:40:10.810810,NL,Paid Search,32
USR_1858,bd1fbb947fd3849e,0da07de78758290d,2025-09-18 23:12:25.945945,CH,Referral,39
USR_1859,e2da35a0448e7dd2,3111cb7d9c58c8ee,2025-09-19 16:44:41.081081,DE,Social Media,47
USR_1860,0223455eb8116ace,b13e9a0b188013da,2025-09-20 10:16:56.216216,UK,Referral,21
USR_1861,71302ee97f99f955,e87ea3dd59ca5468,2025-09-21 03:49:11.351351,NL,Social Media,30
USR_1862,e75da5900786a960,604407f2c4cc3444,2025-09-21 21:21:26.486486,NL,Organic,40
USR_1863,4c8a1735b2843514,f7554cd9bb76dbfc,2025-09-22 14:53:41.621621,NL,Paid Search,25
USR_1864,83416e832ccc76ee,c07cd598fe977b49,2025-09-23 08:25:56.756756,NL,Email,35
USR_1865,698a744d4ee93b2c,ce4c8679efbfd7e9,2025-09-24 01:58:11.891891,CH,Email,29
USR_1866,5e14d16054f21eab,e4f0610455ae8b22,2025-09-24 19:30:27.027027,DE,Organic,48
USR_1867,5cf99c6fdd117520,91916a38fea2eb1c,2025-09-25 13:02:42.162162,DE,Organic,31
USR_1868,cb93cb800e7fa052,d0236e40ed52fff2,2025-09-26 06:34:57.297297,UK,Organic,51
USR_1869,8075bc0d1ef5e14e,63e40d60b0a5bbb9,2025-09-27 00:07:12.432432,TR,Social Media,35
USR_1870,bf117890b5844143,3c26b06b96ed180a,2025-09-27 17:39:27.567567,NL,Referral,51
USR_1871,93c070e3b7578f67,38949d94fe66c8e2,2025-09-28 11:11:42.702702,DE,Organic,28
USR_1872,0e86c70474baa6b1,0806b39541754959,2025-09-29 04:43:57.837837,CH,Paid Search,58
USR_1873,49725b1e51e43183,1ff72d11c1fd9ccd,2025-09-29 22:16:12.972972,NL,Referral,29
USR_1874,c947fb18ab65e827,963ae48916b3409e,2025-09-30 15:48:28.108108,DE,Social Media,32
USR_1875,d1640af8d664ff8c,157875c328e1ba64,2025-10-01 09:20:43.243243,DE,Paid Search,48
USR_1876,23fbc0c85c656211,1ede4f2ed9b3152c,2025-10-02 02:52:58.378378,CH,Social Media,46
USR_1877,bff7d5daa087d47c,0fee90f9cce258e5,2025-10-02 20:25:13.513513,CH,Paid Search,43
USR_1878,d9fa1f2feaef0d20,faf5b3e1a4459ce4,2025-10-03 13:57:28.648648,DE,Organic,35
USR_1879,de2de328bb15ac0d,61d7b358c076df69,2025-10-04 07:29:43.783783,DE,Social Media,49
USR_1880,73a9372a06cd592a,1073bd1586621cc2,2025-10-05 01:01:58.918918,DE,Social Media,39
USR_1881,23e6ba5d967c2d7a,ff4f5b72361fdf63,2025-10-05 18:34:14.054054,CH,Referral,55
USR_1882,703e71470842c1c9,d659c1fb96a5b2c7,2025-10-06 12:06:29.189189,DE,Social Media,34
USR_1883,5e905ffedf292033,5beb18a69d4928b0,2025-10-07 05:38:44.324324,DE,Referral,40
USR_1884,5654eaa284e15ad2,64edac6cfe87d2bf,2025-10-07 23:10:59.459459,UK,Organic,41
USR_1885,5b9cc7c380370868,deb0cabd78272a22,2025-10-08 16:43:14.594594,DE,Paid Search,25
USR_1886,d1106e6adc515820,c0899c804e577df2,2025-10-09 10:15:29.729729,CH,Organic,58
USR_1887,5714662556e7d2da,ffb40742bcfe8aa1,2025-10-10 03:47:44.864864,DE,Organic,23
USR_1888,6dd6b1b5b11e537f,76383bf30c178f40,2025-10-10 21:20:00.000000,DE,Social Media,22
USR_1889,0a0198c622bec632,ff5ee397338ae73f,2025-10-11 14:52:15.135135,DE,Email,61
USR_1890,50f8caa2a12de12f,f25c48ffa11be3f6,2025-10-12 08:24:30.270270,CH,Organic,46
USR_1891,28dab9cffc499a70,aaee91529cc9a298,2025-10-13 01:56:45.405405,UK,Paid Search,45
USR_1892,728c4c95d798f595,ec1402c2534b9324,2025-10-13 19:29:00.540540,UK,Referral,28
USR_1893,cae9d864d348c6b7,e916584d8a6110cd,2025-10-14 13:01:15.675675,NL,Organic,18
USR_1894,a1779bf9dcccac3d,3c88a4a0dc36a441,2025-10-15 06:33:30.810810,CH,Social Media,60
USR_1895,b24602cda7113380,8f9f6904e6c67f2f,2025-10-16 00:05:45.945945,DE,Social Media,36
USR_1896,51de732c231d96d1,3bb52b6e4a42e879,2025-10-16 17:38:01.081081,DE,Social Media,26
USR_1897,07451b1d401e5635,27dadf2472e0cf8b,2025-10-17 11:10:16.216216,UK,Organic,44
USR_1898,b970554f36ce5cb5,74ce49bc3df87586,2025-10-18 04:42:31.351351,DE,Paid Search,51
USR_1899,96632f5c34540ed1,050142cb71e97cf4,2025-10-18 22:14:46.486486,DE,Referral,61
USR_1900,4c3d216a3b429c09,a45a76687a9c9d60,2025-10-19 15:47:01.621621,DE,Social Media,21
USR_1901,56f541d9cd3007cf,5bc30f3b489d3862,2025-10-20 09:19:16.756756,DE,Organic,53
USR_1902,6951b9cfb83fe1cd,03c6ae84b2bb64bf,2025-10-21 02:51:31.891891,DE,Referral,35
USR_1903,b94ac1f22ad14dbd,c1675848a73a83cf,2025-10-21 20:23:47.027027,CH,Organic,32
USR_1904,90a3dc27a458d7e6,17a85077fe42d888,2025-10-22 13:56:02.162162,NL,Social Media,30
USR_1905,b97ebea4047e618e,d9d4b52cfdeed586,2025-10-23 07:28:17.297297,UK,Organic,36
USR_1906,d259c9533356cd11,bcbe9afe6d0106ad,2025-10-24 01:00:32.432432,UK,Email,23
USR_1907,26d66f73e48a2916,e21da487a0a3c29a,2025-10-24 18:32:47.567567,NL,Paid Search,29
USR_1908,35f9ec4084da01c4,7c3991e4f751e2bf,2025-10-25 12:05:02.702702,DE,Paid Search,54
USR_1909,b8235ee34c9f3bf7,e0f288df052119b2,2025-10-26 05:37:17.837837,NL,Organic,34
USR_1910,afc5cdc659972eeb,8db5d1a4ceec68d4,2025-10-26 23:09:32.972972,CH,Paid Search,40
USR_1911,97be6e39fbbcedb8,6e3e4d2e67fc9023,2025-10-27 16:41:48.108108,DE,Referral,43
USR_1912,830d1fc1f1ba9767,e739c25db0b2510c,2025-10-28 10:14:03.243243,CH,Email,46
USR_1913,fcdad0062ea445ec,d015809675a2088f,2025-10-29 03:46:18.378378,NL,Paid Search,50
USR_1914,48580a8ff2e90f2e,8ad97e1dd23a493f,2025-10-29 21:18:33.513513,CH,Paid Search,44
USR_1915,8867e5b0a2d651c6,b872df9094d59a1d,2025-10-30 14:50:48.648648,NL,Social Media,42
USR_1916,d4183e133b4ffd02,ddad6ec49c2c5cf6,2025-10-31 08:23:03.783783,DE,Referral,27
USR_1917,ef955c106bd63c27,a0adbae59527a4d0,2025-11-01 01:55:18.918918,TR,Social Media,64
USR_1918,835e016799cfd9a2,cde6a1b7126b13a3,2025-11-01 19:27:34.054054,UK,Paid Search,40
USR_1919,b9dc4db42c185303,352f86a2b57e40c1,2025-11-02 12:59:49.189189,DE,Paid Search,38
USR_1920,cf41c406dc7ff3d5,59bc08be9cfc5dcf,2025-11-03 06:32:04.324324,UK,Social Media,38
USR_1921,95171c4fbc85ee28,a0e7668eee37398d,2025-11-04 00:04:19.459459,NL,Organic,60
USR_1922,95627fa1d118711d,e5351c4c37d613eb,2025-11-04 17:36:34.594594,UK,Social Media,30
USR_1923,1d5c1e521f3c14a4,70a2180a3ddab2e0,2025-11-05 11:08:49.729729,UK,Paid Search,54
USR_1924,66e00d53e3b5b28a,f1c76258bcdaccb7,2025-11-06 04:41:04.864864,NL,Referral,50
USR_1925,539ec4232dbb589d,12dd79be94a23c35,2025-11-06 22:13:20.000000,DE,Organic,41
USR_1926,d582b936d2130ce8,bdc8bb37c60de76c,2025-11-07 15:45:35.135135,DE,Social Media,61
USR_1927,6bf93450ce42ed67,6fdd6f326f579f9a,2025-11-08 09:17:50.270270,NL,Paid Search,28
USR_1928,eb79eb9a06fd54e5,40ab0738e36c2a8e,2025-11-09 02:50:05.405405,CH,Social Media,34
USR_1929,613022f737b27608,070e00fe2e5f2fb4,2025-11-09 20:22:20.540540,DE,Organic,21
USR_1930,3873c0f02465a50a,744c75ed49d8e916,2025-11-10 13:54:35.675675,DE,Social Media,64
USR_1931,95b0339fc2569768,b1acea8924ed35cf,2025-11-11 07:26:50.810810,UK,Social Media,42
USR_1932,f00488e7ea98c465,2e90f915bc67723f,2025-11-12 00:59:05.945945,TR,Social Media,47
USR_1933,9a62459bc910f370,0bef66ed0614fbe2,2025-11-12 18:31:21.081081,NL,Social Media,26
USR_1934,036312ad9f7f1803,cb737658c70a4752,2025-11-13 12:03:36.216216,DE,Social Media,38
USR_1935,157f99572aa189c7,97abaa726cd06631,2025-11-14 05:35:51.351351,DE,Referral,37
USR_1936,ca0a88f507681569,9b8b04548d7db123,2025-11-14 23:08:06.486486,DE,Organic,36
USR_1937,c74010792ea07b15,067a723b36cb9c21,2025-11-15 16:40:21.621621,TR,Referral,36
USR_1938,3f8b00f1bec99495,f3b4835dd4023a21,2025-11-16 10:12:36.756756,DE,Paid Search,29
USR_1939,e14bc12ab423fd35,70e6f75df20ae8ff,2025-11-17 03:44:51.891891,CH,Organic,54
USR_1940,98141ab6c3932b7e,0275f6efecdb38ee,2025-11-17 21:17:07.027027,DE,Organic,59
USR_1941,1e8020b5d08fdf90,64a2390ac411fe26,2025-11-18 14:49:22.162162,CH,Paid Search,34
USR_1942,4301ff74c7b9c1d6,860f5832a0333984,2025-11-19 08:21:37.297297,CH,Referral,54
USR_1943,92f58f29b0168772,b7bbdc592f4e0cc8,2025-11-20 01:53:52.432432,UK,Social Media,56
USR_1944,de3676eec99c0c06,f6f41a965e013f35,2025-11-20 19:26:07.567567,DE,Referral,45
USR_1945,dee0d7e091a7446e,913f02a7b8c86978,2025-11-21 12:58:22.702702,DE,Paid Search,58
USR_1946,a6dd6343ea2daf4b,4284d3522379126a,2025-11-22 06:30:37.837837,DE,Paid Search,52
USR_1947,f84cd1d7c07766ae,7d4c77d2b1c1202b,2025-11-23 00:02:52.972972,TR,Organic,64
USR_1948,65aa945fdfd2f3df,6fde47c70155d131,2025-11-23 17:35:08.108108,UK,Paid Search,35
USR_1949,ab21d613ec95a8f2,f562b062467ec7f4,2025-11-24 11:07:23.243243,CH,Paid Search,31
USR_1950,641ddc39b0f97af4,cbad201e7c597fa1,2025-11-25 04:39:38.378378,CH,Organic,52
USR_1951,9e1825f91ae89ccb,dfc1259cf82191bd,2025-11-25 22:11:53.513513,CH,Organic,61
USR_1952,a8df68459c60929e,72f27661162ea741,2025-11-26 15:44:08.648648,DE,Social Media,58
USR_1953,008c547149cd39a4,f9c7a835b49513a2,2025-11-27 09:16:23.783783,TR,Social Media,24
USR_1954,d1f42579ee5f95d4,e709be7398274dcc,2025-11-28 02:48:38.918918,NL,Email,58
USR_1955,dc3fa3e08ca0ccbd,e1c4fc4b2decb282,2025-11-28 20:20:54.054054,NL,Email,30
USR_1956,776e651e6e398082,ba4e566cafcbcec2,2025-11-29 13:53:09.189189,NL,Social Media,35
USR_1957,1e4539857966496d,18b32c52d83f63a3,2025-11-30 07:25:24.324324,DE,Paid Search,54
USR_1958,49b00120cccff144,b4600e31c23cf93c,2025-12-01 00:57:39.459459,DE,Social Media,30
USR_1959,b86ed38ab52e3af8,08764a5e29065617,2025-12-01 18:29:54.594594,CH,Referral,53
USR_1960,669b61a91122214a,231d0978a463e217,2025-12-02 12:02:09.729729,DE,Organic,48
USR_1961,c48c711e5da04986,12bb9ea41dcf6236,2025-12-03 05:34:24.864864,CH,Paid Search,19
USR_1962,f8a11ee65e359869,1383b80a0469273f,2025-12-03 23:06:40.000000,DE,Referral,33
USR_1963,2138f37e84e74f9a,ad416311fcd86ee9,2025-12-04 16:38:55.135135,NL,Paid Search,26
USR_1964,3b3c55bd372a4a1b,5e3c481d83951033,2025-12-05 10:11:10.270270,DE,Social Media,26
USR_1965,0101f25cc95d79c2,d5437a0bdace882e,2025-12-06 03:43:25.405405,NL,Social Media,55
USR_1966,520a76d334e42d7c,bc2c657385a1b755,2025-12-06 21:15:40.540540,CH,Organic,28
USR_1967,6779562bc86ffefd,3c0489ce29fff41d,2025-12-07 14:47:55.675675,DE,Paid Search,39
USR_1968,157f2aed2319c11d,90930da497e1b7f9,2025-12-08 08:20:10.810810,CH,Paid Search,50
USR_1969,b34d29a75b5d9cd7,f863d0df3a1e70b2,2025-12-09 01:52:25.945945,NL,Organic,53
USR_1970,c0e881b556512b28,b8bece61f8713f75,2025-12-09 19:24:41.081081,CH,Organic,62
USR_1971,1c5188a1f862fc67,b8eeb18b22846825,2025-12-10 12:56:56.216216,TR,Referral,40
USR_1972,8f63b376bef36d25,838e3532907f5213,2025-12-11 06:29:11.351351,CH,Organic,62
USR_1973,e76949f7196af80d,e753f8b571397737,2025-12-12 00:01:26.486486,DE,Paid Search,62
USR_1974,cddd6544a70ec902,a0e3a3aaa3de97cc,2025-12-12 17:33:41.621621,DE,Organic,51
USR_1975,a2c7e846a27570d0,36edb4a7b143b409,2025-12-13 11:05:56.756756,DE,Email,26
USR_1976,9b08956e57c71c5e,072972a5e07fb7ff,2025-12-14 04:38:11.891891,CH,Organic,41
USR_1977,02b7a8d6ab0b8548,cc5053344c2717bf,2025-12-14 22:10:27.027027,DE,Paid Search,25
USR_1978,2eada6d47cb92316,2f009138d64655ca,2025-12-15 15:42:42.162162,NL,Referral,24
USR_1979,39f74ce67921db23,56b3145b1df5fabd,2025-12-16 09:14:57.297297,CH,Referral,53
USR_1980,67a849a9986a2742,176b0a212e02d904,2025-12-17 02:47:12.432432,NL,Organic,35
USR_1981,94665c4bdf29f284,2236d873ab5efe3c,2025-12-17 20:19:27.567567,UK,Referral,20
USR_1982,122c98cb40beda89,a1162a627a4cf9b3,2025-12-18 13:51:42.702702,DE,Paid Search,45
USR_1983,26a37d9b170e3edc,faf33869a50552bf,2025-12-19 07:23:57.837837,DE,Paid Search,23
USR_1984,065bf9389d080845,f27bb902d1339050,2025-12-20 00:56:12.972972,CH,Organic,61
USR_1985,568eda7982dab3f4,263b7cf5a72f2208,2025-12-20 18:28:28.108108,NL,Organic,61
USR_1986,031a8811dac50222,ce702fdc4ca88f5e,2025-12-21 12:00:43.243243,CH,Social Media,38
USR_1987,4fd7584814066639,4db05f5b18644d77,2025-12-22 05:32:58.378378,NL,Paid Search,45
USR_1988,293a913b6397fafb,cfe0d9726b549031,2025-12-22 23:05:13.513513,DE,Paid Search,57
USR_1989,44b48479dc71e0b1,805619d7e1f04333,2025-12-23 16:37:28.648648,UK,Social Media,18
USR_1990,297e4561c8ac8e61,736909f020296183,2025-12-24 10:09:43.783783,UK,Referral,53
USR_1991,c6ec5dd59af307a0,bab47db954a8d028,2025-12-25 03:41:58.918918,CH,Organic,38
USR_1992,2bda0997cd74fb41,4d66f36679f1793b,2025-12-25 21:14:14.054054,DE,Social Media,60
USR_1993,d109f006bf1dbe00,4902fd09f0372043,2025-12-26 14:46:29.189189,CH,Organic,52
USR_1994,c8f7128e1ac440f0,47c9a16edfc9bebf,2025-12-27 08:18:44.324324,NL,Referral,30
USR_1995,ba02e1158b374d8c,e2f227a01ac85849,2025-12-28 01:50:59.459459,DE,Social Media,27
USR_1996,de64deb840667461,cea134a5d007455c,2025-12-28 19:23:14.594594,TR,Email,61
USR_1997,114d499445437915,b16705e82786ef48,2025-12-29 12:55:29.729729,DE,Organic,64
USR_1998,08aab22e9d7a2b5b,d9a25b7156f08b41,2025-12-30 06:27:44.864864,TR,Organic,27
USR_1999,3b4f729ad7561181,b583332e27369c1e,2025-12-31 00:00:00.000000,NL,Organic,63
